id,question,answer,category
1,How do I file a car insurance claim?,"Notify the insurer, provide incident details, submit required documents, and cooperate with claim assessment. This entry is part of a synthetic insurance knowledge corpus variant 1.",Claims
2,What documents are needed for a health insurance claim?,"Typically an ID, policy number, hospital records, bills, and claim form are required. This entry is part of a synthetic insurance knowledge corpus variant 2.",Claims
3,How long does claim settlement take?,The timeline varies by insurer and claim type but generally depends on document verification and investigation. This entry is part of a synthetic insurance knowledge corpus variant 3.,Claims
4,Can I track my insurance claim status online?,Many insurers provide online claim tracking through their customer portal or mobile app. This entry is part of a synthetic insurance knowledge corpus variant 4.,Claims
5,What is a deductible?,A deductible is the amount the policyholder pays before insurance coverage begins for eligible claims. This entry is part of a synthetic insurance knowledge corpus variant 5.,Policy
6,What is a policy premium?,A premium is the amount paid periodically to keep an insurance policy active. This entry is part of a synthetic insurance knowledge corpus variant 6.,Policy
7,What is a waiting period in health insurance?,It is the time after policy purchase during which certain benefits are not yet available. This entry is part of a synthetic insurance knowledge corpus variant 7.,Policy
8,Can I cancel my insurance policy?,"Most policies can be cancelled subject to the insurer's terms, applicable fees, and local regulations. This entry is part of a synthetic insurance knowledge corpus variant 8.",Policy
9,Does home insurance cover floods?,Standard policies often exclude floods unless flood coverage is purchased separately. This entry is part of a synthetic insurance knowledge corpus variant 9.,Coverage
10,Does travel insurance cover lost baggage?"Many travel policies include baggage loss protection up to specified limits and conditions. This entry is part of a synthetic insurance knowledge corpus variant 10.,Coverage
11,Are pre-existing conditions covered?,Coverage depends on the policy; some exclude them while others cover them after waiting periods. This entry is part of a synthetic insurance knowledge corpus variant 11.,Coverage
12,Does comprehensive auto insurance cover theft?,Comprehensive coverage often includes theft subject to policy conditions and deductibles. This entry is part of a synthetic insurance knowledge corpus variant 12.,Coverage
13,Can I pay premiums monthly?,"Many insurers offer monthly, quarterly, or annual payment options. This entry is part of a synthetic insurance knowledge corpus variant 13.",Billing
14,What happens if I miss a premium payment?,Coverage may lapse after any grace period if payment is not received. This entry is part of a synthetic insurance knowledge corpus variant 14.,Billing
15,Can I update my payment method?,"Yes, most insurers allow payment method updates through customer service or online accounts. This entry is part of a synthetic insurance knowledge corpus variant 15.",Billing
16,Will I receive premium receipts?,Insurers generally issue receipts or payment confirmations after successful transactions. This entry is part of a synthetic insurance knowledge corpus variant 16.,Billing
17,How do I renew my policy?,"Renew through the insurer's website, app, agent, or customer support before expiration. This entry is part of a synthetic insurance knowledge corpus variant 17.",Renewal
18,Will my premium change on renewal?,"Premiums may change based on underwriting, claims history, age, or revised pricing. This entry is part of a synthetic insurance knowledge corpus variant 18.",Renewal
19,Is there a grace period after expiry?,"Some policies include a grace period, but details vary by insurer and product. This entry is part of a synthetic insurance knowledge corpus variant 19.",Renewal
20,Can I renew an expired policy?,"Certain policies allow late renewal under conditions, while others require a new application. This entry is part of a synthetic insurance knowledge corpus variant 20.",Renewal
21,How do I file a car insurance claim?,"Notify the insurer, provide incident details, submit required documents, and cooperate with claim assessment. This entry is part of a synthetic insurance knowledge corpus variant 21.",Claims
22,What documents are needed for a health insurance claim?,"Typically an ID, policy number, hospital records, bills, and claim form are required. This entry is part of a synthetic insurance knowledge corpus variant 22.",Claims
23,How long does claim settlement take?,The timeline varies by insurer and claim type but generally depends on document verification and investigation. This entry is part of a synthetic insurance knowledge corpus variant 23.,Claims
24,Can I track my insurance claim status online?,Many insurers provide online claim tracking through their customer portal or mobile app. This entry is part of a synthetic insurance knowledge corpus variant 24.,Claims
25,What is a deductible?,A deductible is the amount the policyholder pays before insurance coverage begins for eligible claims. This entry is part of a synthetic insurance knowledge corpus variant 25.,Policy
26,What is a policy premium?,A premium is the amount paid periodically to keep an insurance policy active. This entry is part of a synthetic insurance knowledge corpus variant 1.,Policy
27,What is a waiting period in health insurance?,It is the time after policy purchase during which certain benefits are not yet available. This entry is part of a synthetic insurance knowledge corpus variant 2.,Policy
28,Can I cancel my insurance policy?,"Most policies can be cancelled subject to the insurer's terms, applicable fees, and local regulations. This entry is part of a synthetic insurance knowledge corpus variant 3.",Policy
29,Does home insurance cover floods?,Standard policies often exclude floods unless flood coverage is purchased separately. This entry is part of a synthetic insurance knowledge corpus variant 4.,Coverage
30,Does travel insurance cover lost baggage?,Many travel policies include baggage loss protection up to specified limits and conditions. This entry is part of a synthetic insurance knowledge corpus variant 5.,Coverage
31,Are pre-existing conditions covered?,Coverage depends on the policy; some exclude them while others cover them after waiting periods. This entry is part of a synthetic insurance knowledge corpus variant 6.,Coverage
32,Does comprehensive auto insurance cover theft?,Comprehensive coverage often includes theft subject to policy conditions and deductibles. This entry is part of a synthetic insurance knowledge corpus variant 7.,Coverage
33,Can I pay premiums monthly?,"Many insurers offer monthly, quarterly, or annual payment options. This entry is part of a synthetic insurance knowledge corpus variant 8.",Billing
34,What happens if I miss a premium payment?,Coverage may lapse after any grace period if payment is not received. This entry is part of a synthetic insurance knowledge corpus variant 9.,Billing
35,Can I update my payment method?,"Yes, most insurers allow payment method updates through customer service or online accounts. This entry is part of a synthetic insurance knowledge corpus variant 10.",Billing
36,Will I receive premium receipts?,Insurers generally issue receipts or payment confirmations after successful transactions. This entry is part of a synthetic insurance knowledge corpus variant 11.,Billing
37,How do I renew my policy?,"Renew through the insurer's website, app, agent, or customer support before expiration. This entry is part of a synthetic insurance knowledge corpus variant 12.",Renewal
38,Will my premium change on renewal?,"Premiums may change based on underwriting, claims history, age, or revised pricing. This entry is part of a synthetic insurance knowledge corpus variant 13.",Renewal
39,Is there a grace period after expiry?,"Some policies include a grace period, but details vary by insurer and product. This entry is part of a synthetic insurance knowledge corpus variant 14.",Renewal
40,Can I renew an expired policy?,"Certain policies allow late renewal under conditions, while others require a new application. This entry is part of a synthetic insurance knowledge corpus variant 15.",Renewal
41,How do I file a car insurance claim?,"Notify the insurer, provide incident details, submit required documents, and cooperate with claim assessment. This entry is part of a synthetic insurance knowledge corpus variant 16.",Claims
42,What documents are needed for a health insurance claim?,"Typically an ID, policy number, hospital records, bills, and claim form are required. This entry is part of a synthetic insurance knowledge corpus variant 17.",Claims
43,How long does claim settlement take?,The timeline varies by insurer and claim type but generally depends on document verification and investigation. This entry is part of a synthetic insurance knowledge corpus variant 18.,Claims
44,Can I track my insurance claim status online?,Many insurers provide online claim tracking through their customer portal or mobile app. This entry is part of a synthetic insurance knowledge corpus variant 19.,Claims
45,What is a deductible?,A deductible is the amount the policyholder pays before insurance coverage begins for eligible claims. This entry is part of a synthetic insurance knowledge corpus variant 20.,Policy
46,What is a policy premium?,A premium is the amount paid periodically to keep an insurance policy active. This entry is part of a synthetic insurance knowledge corpus variant 21.,Policy
47,What is a waiting period in health insurance?,It is the time after policy purchase during which certain benefits are not yet available. This entry is part of a synthetic insurance knowledge corpus variant 22.,Policy
48,Can I cancel my insurance policy?,"Most policies can be cancelled subject to the insurer's terms, applicable fees, and local regulations. This entry is part of a synthetic insurance knowledge corpus variant 23.",Policy
49,Does home insurance cover floods?,Standard policies often exclude floods unless flood coverage is purchased separately. This entry is part of a synthetic insurance knowledge corpus variant 24.,Coverage
50,Does travel insurance cover lost baggage?,Many travel policies include baggage loss protection up to specified limits and conditions. This entry is part of a synthetic insurance knowledge corpus variant 25.,Coverage
51,Are pre-existing conditions covered?,Coverage depends on the policy; some exclude them while others cover them after waiting periods. This entry is part of a synthetic insurance knowledge corpus variant 1.,Coverage
52,Does comprehensive auto insurance cover theft?,Comprehensive coverage often includes theft subject to policy conditions and deductibles. This entry is part of a synthetic insurance knowledge corpus variant 2.,Coverage
53,Can I pay premiums monthly?,"Many insurers offer monthly, quarterly, or annual payment options. This entry is part of a synthetic insurance knowledge corpus variant 3.",Billing
54,What happens if I miss a premium payment?,Coverage may lapse after any grace period if payment is not received. This entry is part of a synthetic insurance knowledge corpus variant 4.,Billing
55,Can I update my payment method?,"Yes, most insurers allow payment method updates through customer service or online accounts. This entry is part of a synthetic insurance knowledge corpus variant 5.",Billing
56,Will I receive premium receipts?,Insurers generally issue receipts or payment confirmations after successful transactions. This entry is part of a synthetic insurance knowledge corpus variant 6.,Billing
57,How do I renew my policy?,"Renew through the insurer's website, app, agent, or customer support before expiration. This entry is part of a synthetic insurance knowledge corpus variant 7.",Renewal
58,Will my premium change on renewal?,"Premiums may change based on underwriting, claims history, age, or revised pricing. This entry is part of a synthetic insurance knowledge corpus variant 8.",Renewal
59,Is there a grace period after expiry?,"Some policies include a grace period, but details vary by insurer and product. This entry is part of a synthetic insurance knowledge corpus variant 9.",Renewal
60,Can I renew an expired policy?,"Certain policies allow late renewal under conditions, while others require a new application. This entry is part of a synthetic insurance knowledge corpus variant 10.",Renewal
61,How do I file a car insurance claim?,"Notify the insurer, provide incident details, submit required documents, and cooperate with claim assessment. This entry is part of a synthetic insurance knowledge corpus variant 11.",Claims
62,What documents are needed for a health insurance claim?,"Typically an ID, policy number, hospital records, bills, and claim form are required. This entry is part of a synthetic insurance knowledge corpus variant 12.",Claims
63,How long does claim settlement take?,The timeline varies by insurer and claim type but generally depends on document verification and investigation. This entry is part of a synthetic insurance knowledge corpus variant 13.,Claims
64,Can I track my insurance claim status online?,Many insurers provide online claim tracking through their customer portal or mobile app. This entry is part of a synthetic insurance knowledge corpus variant 14.,Claims
65,What is a deductible?,A deductible is the amount the policyholder pays before insurance coverage begins for eligible claims. This entry is part of a synthetic insurance knowledge corpus variant 15.,Policy
66,What is a policy premium?,A premium is the amount paid periodically to keep an insurance policy active. This entry is part of a synthetic insurance knowledge corpus variant 16.,Policy
67,What is a waiting period in health insurance?,It is the time after policy purchase during which certain benefits are not yet available. This entry is part of a synthetic insurance knowledge corpus variant 17.,Policy
68,Can I cancel my insurance policy?,"Most policies can be cancelled subject to the insurer's terms, applicable fees, and local regulations. This entry is part of a synthetic insurance knowledge corpus variant 18.",Policy
69,Does home insurance cover floods?,Standard policies often exclude floods unless flood coverage is purchased separately. This entry is part of a synthetic insurance knowledge corpus variant 19.,Coverage
70,Does travel insurance cover lost baggage?,Many travel policies include baggage loss protection up to specified limits and conditions. This entry is part of a synthetic insurance knowledge corpus variant 20.,Coverage
71,Are pre-existing conditions covered?,Coverage depends on the policy; some exclude them while others cover them after waiting periods. This entry is part of a synthetic insurance knowledge corpus variant 21.,Coverage
72,Does comprehensive auto insurance cover theft?,Comprehensive coverage often includes theft subject to policy conditions and deductibles. This entry is part of a synthetic insurance knowledge corpus variant 22.,Coverage
73,Can I pay premiums monthly?,"Many insurers offer monthly, quarterly, or annual payment options. This entry is part of a synthetic insurance knowledge corpus variant 23.",Billing
74,What happens if I miss a premium payment?,Coverage may lapse after any grace period if payment is not received. This entry is part of a synthetic insurance knowledge corpus variant 24.,Billing
75,Can I update my payment method?,"Yes, most insurers allow payment method updates through customer service or online accounts. This entry is part of a synthetic insurance knowledge corpus variant 25.",Billing
76,Will I receive premium receipts?,Insurers generally issue receipts or payment confirmations after successful transactions. This entry is part of a synthetic insurance knowledge corpus variant 1.,Billing
77,How do I renew my policy?,"Renew through the insurer's website, app, agent, or customer support before expiration. This entry is part of a synthetic insurance knowledge corpus variant 2.",Renewal
78,Will my premium change on renewal?,"Premiums may change based on underwriting, claims history, age, or revised pricing. This entry is part of a synthetic insurance knowledge corpus variant 3.",Renewal
79,Is there a grace period after expiry?,"Some policies include a grace period, but details vary by insurer and product. This entry is part of a synthetic insurance knowledge corpus variant 4.",Renewal
80,Can I renew an expired policy?,"Certain policies allow late renewal under conditions, while others require a new application. This entry is part of a synthetic insurance knowledge corpus variant 5.",Renewal
81,How do I file a car insurance claim?,"Notify the insurer, provide incident details, submit required documents, and cooperate with claim assessment. This entry is part of a synthetic insurance knowledge corpus variant 6.",Claims
82,What documents are needed for a health insurance claim?,"Typically an ID, policy number, hospital records, bills, and claim form are required. This entry is part of a synthetic insurance knowledge corpus variant 7.",Claims
83,How long does claim settlement take?,The timeline varies by insurer and claim type but generally depends on document verification and investigation. This entry is part of a synthetic insurance knowledge corpus variant 8.,Claims
84,Can I track my insurance claim status online?,Many insurers provide online claim tracking through their customer portal or mobile app. This entry is part of a synthetic insurance knowledge corpus variant 9.,Claims
85,What is a deductible?,A deductible is the amount the policyholder pays before insurance coverage begins for eligible claims. This entry is part of a synthetic insurance knowledge corpus variant 10.,Policy
86,What is a policy premium?,A premium is the amount paid periodically to keep an insurance policy active. This entry is part of a synthetic insurance knowledge corpus variant 11.,Policy
87,What is a waiting period in health insurance?,It is the time after policy purchase during which certain benefits are not yet available. This entry is part of a synthetic insurance knowledge corpus variant 12.,Policy
88,Can I cancel my insurance policy?,"Most policies can be cancelled subject to the insurer's terms, applicable fees, and local regulations. This entry is part of a synthetic insurance knowledge corpus variant 13.",Policy
89,Does home insurance cover floods?,Standard policies often exclude floods unless flood coverage is purchased separately. This entry is part of a synthetic insurance knowledge corpus variant 14.,Coverage
90,Does travel insurance cover lost baggage?,Many travel policies include baggage loss protection up to specified limits and conditions. This entry is part of a synthetic insurance knowledge corpus variant 15.,Coverage
91,Are pre-existing conditions covered?,Coverage depends on the policy; some exclude them while others cover them after waiting periods. This entry is part of a synthetic insurance knowledge corpus variant 16.,Coverage
92,Does comprehensive auto insurance cover theft?,Comprehensive coverage often includes theft subject to policy conditions and deductibles. This entry is part of a synthetic insurance knowledge corpus variant 17.,Coverage
93,Can I pay premiums monthly?,"Many insurers offer monthly, quarterly, or annual payment options. This entry is part of a synthetic insurance knowledge corpus variant 18.",Billing
94,What happens if I miss a premium payment?,Coverage may lapse after any grace period if payment is not received. This entry is part of a synthetic insurance knowledge corpus variant 19.,Billing
95,Can I update my payment method?,"Yes, most insurers allow payment method updates through customer service or online accounts. This entry is part of a synthetic insurance knowledge corpus variant 20.",Billing
96,Will I receive premium receipts?,Insurers generally issue receipts or payment confirmations after successful transactions. This entry is part of a synthetic insurance knowledge corpus variant 21.,Billing
97,How do I renew my policy?,"Renew through the insurer's website, app, agent, or customer support before expiration. This entry is part of a synthetic insurance knowledge corpus variant 22.",Renewal
98,Will my premium change on renewal?,"Premiums may change based on underwriting, claims history, age, or revised pricing. This entry is part of a synthetic insurance knowledge corpus variant 23.",Renewal
99,Is there a grace period after expiry?,"Some policies include a grace period, but details vary by insurer and product. This entry is part of a synthetic insurance knowledge corpus variant 24.",Renewal
100,Can I renew an expired policy?,"Certain policies allow late renewal under conditions, while others require a new application. This entry is part of a synthetic insurance knowledge corpus variant 25.",Renewal
101,How do I file a car insurance claim?,"Notify the insurer, provide incident details, submit required documents, and cooperate with claim assessment. This entry is part of a synthetic insurance knowledge corpus variant 1.",Claims
102,What documents are needed for a health insurance claim?,"Typically an ID, policy number, hospital records, bills, and claim form are required. This entry is part of a synthetic insurance knowledge corpus variant 2.",Claims
103,How long does claim settlement take?,The timeline varies by insurer and claim type but generally depends on document verification and investigation. This entry is part of a synthetic insurance knowledge corpus variant 3.,Claims
104,Can I track my insurance claim status online?,Many insurers provide online claim tracking through their customer portal or mobile app. This entry is part of a synthetic insurance knowledge corpus variant 4.,Claims
105,What is a deductible?,A deductible is the amount the policyholder pays before insurance coverage begins for eligible claims. This entry is part of a synthetic insurance knowledge corpus variant 5.,Policy
106,What is a policy premium?,A premium is the amount paid periodically to keep an insurance policy active. This entry is part of a synthetic insurance knowledge corpus variant 6.,Policy
107,What is a waiting period in health insurance?,It is the time after policy purchase during which certain benefits are not yet available. This entry is part of a synthetic insurance knowledge corpus variant 7.,Policy
108,Can I cancel my insurance policy?,"Most policies can be cancelled subject to the insurer's terms, applicable fees, and local regulations. This entry is part of a synthetic insurance knowledge corpus variant 8.",Policy
109,Does home insurance cover floods?,Standard policies often exclude floods unless flood coverage is purchased separately. This entry is part of a synthetic insurance knowledge corpus variant 9.,Coverage
110,Does travel insurance cover lost baggage?,Many travel policies include baggage loss protection up to specified limits and conditions. This entry is part of a synthetic insurance knowledge corpus variant 10.,Coverage
111,Are pre-existing conditions covered?,Coverage depends on the policy; some exclude them while others cover them after waiting periods. This entry is part of a synthetic insurance knowledge corpus variant 11.,Coverage
112,Does comprehensive auto insurance cover theft?,Comprehensive coverage often includes theft subject to policy conditions and deductibles. This entry is part of a synthetic insurance knowledge corpus variant 12.,Coverage
113,Can I pay premiums monthly?,"Many insurers offer monthly, quarterly, or annual payment options. This entry is part of a synthetic insurance knowledge corpus variant 13.",Billing
114,What happens if I miss a premium payment?,Coverage may lapse after any grace period if payment is not received. This entry is part of a synthetic insurance knowledge corpus variant 14.,Billing
115,Can I update my payment method?,"Yes, most insurers allow payment method updates through customer service or online accounts. This entry is part of a synthetic insurance knowledge corpus variant 15.",Billing
116,Will I receive premium receipts?,Insurers generally issue receipts or payment confirmations after successful transactions. This entry is part of a synthetic insurance knowledge corpus variant 16.,Billing
117,How do I renew my policy?,"Renew through the insurer's website, app, agent, or customer support before expiration. This entry is part of a synthetic insurance knowledge corpus variant 17.",Renewal
118,Will my premium change on renewal?,"Premiums may change based on underwriting, claims history, age, or revised pricing. This entry is part of a synthetic insurance knowledge corpus variant 18.",Renewal
119,Is there a grace period after expiry?,"Some policies include a grace period, but details vary by insurer and product. This entry is part of a synthetic insurance knowledge corpus variant 19.",Renewal
120,Can I renew an expired policy?,"Certain policies allow late renewal under conditions, while others require a new application. This entry is part of a synthetic insurance knowledge corpus variant 20.",Renewal
121,How do I file a car insurance claim?,"Notify the insurer, provide incident details, submit required documents, and cooperate with claim assessment. This entry is part of a synthetic insurance knowledge corpus variant 21.",Claims
122,What documents are needed for a health insurance claim?,"Typically an ID, policy number, hospital records, bills, and claim form are required. This entry is part of a synthetic insurance knowledge corpus variant 22.",Claims
123,How long does claim settlement take?,The timeline varies by insurer and claim type but generally depends on document verification and investigation. This entry is part of a synthetic insurance knowledge corpus variant 23.,Claims
124,Can I track my insurance claim status online?,Many insurers provide online claim tracking through their customer portal or mobile app. This entry is part of a synthetic insurance knowledge corpus variant 24.,Claims
125,What is a deductible?,A deductible is the amount the policyholder pays before insurance coverage begins for eligible claims. This entry is part of a synthetic insurance knowledge corpus variant 25.,Policy
126,What is a policy premium?,A premium is the amount paid periodically to keep an insurance policy active. This entry is part of a synthetic insurance knowledge corpus variant 1.,Policy
127,What is a waiting period in health insurance?,It is the time after policy purchase during which certain benefits are not yet available. This entry is part of a synthetic insurance knowledge corpus variant 2.,Policy
128,Can I cancel my insurance policy?,"Most policies can be cancelled subject to the insurer's terms, applicable fees, and local regulations. This entry is part of a synthetic insurance knowledge corpus variant 3.",Policy
129,Does home insurance cover floods?,Standard policies often exclude floods unless flood coverage is purchased separately. This entry is part of a synthetic insurance knowledge corpus variant 4.,Coverage
130,Does travel insurance cover lost baggage?,Many travel policies include baggage loss protection up to specified limits and conditions. This entry is part of a synthetic insurance knowledge corpus variant 5.,Coverage
131,Are pre-existing conditions covered?,Coverage depends on the policy; some exclude them while others cover them after waiting periods. This entry is part of a synthetic insurance knowledge corpus variant 6.,Coverage
132,Does comprehensive auto insurance cover theft?,Comprehensive coverage often includes theft subject to policy conditions and deductibles. This entry is part of a synthetic insurance knowledge corpus variant 7.,Coverage
133,Can I pay premiums monthly?,"Many insurers offer monthly, quarterly, or annual payment options. This entry is part of a synthetic insurance knowledge corpus variant 8.",Billing
134,What happens if I miss a premium payment?,Coverage may lapse after any grace period if payment is not received. This entry is part of a synthetic insurance knowledge corpus variant 9.,Billing
135,Can I update my payment method?,"Yes, most insurers allow payment method updates through customer service or online accounts. This entry is part of a synthetic insurance knowledge corpus variant 10.",Billing
136,Will I receive premium receipts?,Insurers generally issue receipts or payment confirmations after successful transactions. This entry is part of a synthetic insurance knowledge corpus variant 11.,Billing
137,How do I renew my policy?,"Renew through the insurer's website, app, agent, or customer support before expiration. This entry is part of a synthetic insurance knowledge corpus variant 12.",Renewal
138,Will my premium change on renewal?,"Premiums may change based on underwriting, claims history, age, or revised pricing. This entry is part of a synthetic insurance knowledge corpus variant 13.",Renewal
139,Is there a grace period after expiry?,"Some policies include a grace period, but details vary by insurer and product. This entry is part of a synthetic insurance knowledge corpus variant 14.",Renewal
140,Can I renew an expired policy?,"Certain policies allow late renewal under conditions, while others require a new application. This entry is part of a synthetic insurance knowledge corpus variant 15.",Renewal
141,How do I file a car insurance claim?,"Notify the insurer, provide incident details, submit required documents, and cooperate with claim assessment. This entry is part of a synthetic insurance knowledge corpus variant 16.",Claims
142,What documents are needed for a health insurance claim?,"Typically an ID, policy number, hospital records, bills, and claim form are required. This entry is part of a synthetic insurance knowledge corpus variant 17.",Claims
143,How long does claim settlement take?,The timeline varies by insurer and claim type but generally depends on document verification and investigation. This entry is part of a synthetic insurance knowledge corpus variant 18.,Claims
144,Can I track my insurance claim status online?,Many insurers provide online claim tracking through their customer portal or mobile app. This entry is part of a synthetic insurance knowledge corpus variant 19.,Claims
145,What is a deductible?,A deductible is the amount the policyholder pays before insurance coverage begins for eligible claims. This entry is part of a synthetic insurance knowledge corpus variant 20.,Policy
146,What is a policy premium?,A premium is the amount paid periodically to keep an insurance policy active. This entry is part of a synthetic insurance knowledge corpus variant 21.,Policy
147,What is a waiting period in health insurance?,It is the time after policy purchase during which certain benefits are not yet available. This entry is part of a synthetic insurance knowledge corpus variant 22.,Policy
148,Can I cancel my insurance policy?,"Most policies can be cancelled subject to the insurer's terms, applicable fees, and local regulations. This entry is part of a synthetic insurance knowledge corpus variant 23.",Policy
149,Does home insurance cover floods?,Standard policies often exclude floods unless flood coverage is purchased separately. This entry is part of a synthetic insurance knowledge corpus variant 24.,Coverage
150,Does travel insurance cover lost baggage?,Many travel policies include baggage loss protection up to specified limits and conditions. This entry is part of a synthetic insurance knowledge corpus variant 25.,Coverage
151,Are pre-existing conditions covered?,Coverage depends on the policy; some exclude them while others cover them after waiting periods. This entry is part of a synthetic insurance knowledge corpus variant 1.,Coverage
152,Does comprehensive auto insurance cover theft?,Comprehensive coverage often includes theft subject to policy conditions and deductibles. This entry is part of a synthetic insurance knowledge corpus variant 2.,Coverage
153,Can I pay premiums monthly?,"Many insurers offer monthly, quarterly, or annual payment options. This entry is part of a synthetic insurance knowledge corpus variant 3.",Billing
154,What happens if I miss a premium payment?,Coverage may lapse after any grace period if payment is not received. This entry is part of a synthetic insurance knowledge corpus variant 4.,Billing
155,Can I update my payment method?,"Yes, most insurers allow payment method updates through customer service or online accounts. This entry is part of a synthetic insurance knowledge corpus variant 5.",Billing
156,Will I receive premium receipts?,Insurers generally issue receipts or payment confirmations after successful transactions. This entry is part of a synthetic insurance knowledge corpus variant 6.,Billing
157,How do I renew my policy?,"Renew through the insurer's website, app, agent, or customer support before expiration. This entry is part of a synthetic insurance knowledge corpus variant 7.",Renewal
158,Will my premium change on renewal?,"Premiums may change based on underwriting, claims history, age, or revised pricing. This entry is part of a synthetic insurance knowledge corpus variant 8.",Renewal
159,Is there a grace period after expiry?,"Some policies include a grace period, but details vary by insurer and product. This entry is part of a synthetic insurance knowledge corpus variant 9.",Renewal
160,Can I renew an expired policy?,"Certain policies allow late renewal under conditions, while others require a new application. This entry is part of a synthetic insurance knowledge corpus variant 10.",Renewal
161,How do I file a car insurance claim?,"Notify the insurer, provide incident details, submit required documents, and cooperate with claim assessment. This entry is part of a synthetic insurance knowledge corpus variant 11.",Claims
162,What documents are needed for a health insurance claim?,"Typically an ID, policy number, hospital records, bills, and claim form are required. This entry is part of a synthetic insurance knowledge corpus variant 12.",Claims
163,How long does claim settlement take?,The timeline varies by insurer and claim type but generally depends on document verification and investigation. This entry is part of a synthetic insurance knowledge corpus variant 13.,Claims
164,Can I track my insurance claim status online?,Many insurers provide online claim tracking through their customer portal or mobile app. This entry is part of a synthetic insurance knowledge corpus variant 14.,Claims
165,What is a deductible?,A deductible is the amount the policyholder pays before insurance coverage begins for eligible claims. This entry is part of a synthetic insurance knowledge corpus variant 15.,Policy
166,What is a policy premium?,A premium is the amount paid periodically to keep an insurance policy active. This entry is part of a synthetic insurance knowledge corpus variant 16.,Policy
167,What is a waiting period in health insurance?,It is the time after policy purchase during which certain benefits are not yet available. This entry is part of a synthetic insurance knowledge corpus variant 17.,Policy
168,Can I cancel my insurance policy?,"Most policies can be cancelled subject to the insurer's terms, applicable fees, and local regulations. This entry is part of a synthetic insurance knowledge corpus variant 18.",Policy
169,Does home insurance cover floods?,Standard policies often exclude floods unless flood coverage is purchased separately. This entry is part of a synthetic insurance knowledge corpus variant 19.,Coverage
170,Does travel insurance cover lost baggage?,Many travel policies include baggage loss protection up to specified limits and conditions. This entry is part of a synthetic insurance knowledge corpus variant 20.,Coverage
171,Are pre-existing conditions covered?,Coverage depends on the policy; some exclude them while others cover them after waiting periods. This entry is part of a synthetic insurance knowledge corpus variant 21.,Coverage
172,Does comprehensive auto insurance cover theft?,Comprehensive coverage often includes theft subject to policy conditions and deductibles. This entry is part of a synthetic insurance knowledge corpus variant 22.,Coverage
173,Can I pay premiums monthly?,"Many insurers offer monthly, quarterly, or annual payment options. This entry is part of a synthetic insurance knowledge corpus variant 23.",Billing
174,What happens if I miss a premium payment?,Coverage may lapse after any grace period if payment is not received. This entry is part of a synthetic insurance knowledge corpus variant 24.,Billing
175,Can I update my payment method?,"Yes, most insurers allow payment method updates through customer service or online accounts. This entry is part of a synthetic insurance knowledge corpus variant 25.",Billing
176,Will I receive premium receipts?,Insurers generally issue receipts or payment confirmations after successful transactions. This entry is part of a synthetic insurance knowledge corpus variant 1.,Billing
177,How do I renew my policy?,"Renew through the insurer's website, app, agent, or customer support before expiration. This entry is part of a synthetic insurance knowledge corpus variant 2.",Renewal
178,Will my premium change on renewal?,"Premiums may change based on underwriting, claims history, age, or revised pricing. This entry is part of a synthetic insurance knowledge corpus variant 3.",Renewal
179,Is there a grace period after expiry?,"Some policies include a grace period, but details vary by insurer and product. This entry is part of a synthetic insurance knowledge corpus variant 4.",Renewal
180,Can I renew an expired policy?,"Certain policies allow late renewal under conditions, while others require a new application. This entry is part of a synthetic insurance knowledge corpus variant 5.",Renewal
181,How do I file a car insurance claim?,"Notify the insurer, provide incident details, submit required documents, and cooperate with claim assessment. This entry is part of a synthetic insurance knowledge corpus variant 6.",Claims
182,What documents are needed for a health insurance claim?,"Typically an ID, policy number, hospital records, bills, and claim form are required. This entry is part of a synthetic insurance knowledge corpus variant 7.",Claims
183,How long does claim settlement take?,The timeline varies by insurer and claim type but generally depends on document verification and investigation. This entry is part of a synthetic insurance knowledge corpus variant 8.,Claims
184,Can I track my insurance claim status online?,Many insurers provide online claim tracking through their customer portal or mobile app. This entry is part of a synthetic insurance knowledge corpus variant 9.,Claims
185,What is a deductible?,A deductible is the amount the policyholder pays before insurance coverage begins for eligible claims. This entry is part of a synthetic insurance knowledge corpus variant 10.,Policy
186,What is a policy premium?,A premium is the amount paid periodically to keep an insurance policy active. This entry is part of a synthetic insurance knowledge corpus variant 11.,Policy
187,What is a waiting period in health insurance?,It is the time after policy purchase during which certain benefits are not yet available. This entry is part of a synthetic insurance knowledge corpus variant 12.,Policy
188,Can I cancel my insurance policy?,"Most policies can be cancelled subject to the insurer's terms, applicable fees, and local regulations. This entry is part of a synthetic insurance knowledge corpus variant 13.",Policy
189,Does home insurance cover floods?,Standard policies often exclude floods unless flood coverage is purchased separately. This entry is part of a synthetic insurance knowledge corpus variant 14.,Coverage
190,Does travel insurance cover lost baggage?,Many travel policies include baggage loss protection up to specified limits and conditions. This entry is part of a synthetic insurance knowledge corpus variant 15.,Coverage
191,Are pre-existing conditions covered?,Coverage depends on the policy; some exclude them while others cover them after waiting periods. This entry is part of a synthetic insurance knowledge corpus variant 16.,Coverage
192,Does comprehensive auto insurance cover theft?,Comprehensive coverage often includes theft subject to policy conditions and deductibles. This entry is part of a synthetic insurance knowledge corpus variant 17.,Coverage
193,Can I pay premiums monthly?,"Many insurers offer monthly, quarterly, or annual payment options. This entry is part of a synthetic insurance knowledge corpus variant 18.",Billing
194,What happens if I miss a premium payment?,Coverage may lapse after any grace period if payment is not received. This entry is part of a synthetic insurance knowledge corpus variant 19.,Billing
195,Can I update my payment method?,"Yes, most insurers allow payment method updates through customer service or online accounts. This entry is part of a synthetic insurance knowledge corpus variant 20.",Billing
196,Will I receive premium receipts?,Insurers generally issue receipts or payment confirmations after successful transactions. This entry is part of a synthetic insurance knowledge corpus variant 21.,Billing
197,How do I renew my policy?,"Renew through the insurer's website, app, agent, or customer support before expiration. This entry is part of a synthetic insurance knowledge corpus variant 22.",Renewal
198,Will my premium change on renewal?,"Premiums may change based on underwriting, claims history, age, or revised pricing. This entry is part of a synthetic insurance knowledge corpus variant 23.",Renewal
199,Is there a grace period after expiry?,"Some policies include a grace period, but details vary by insurer and product. This entry is part of a synthetic insurance knowledge corpus variant 24.",Renewal
200,Can I renew an expired policy?,"Certain policies allow late renewal under conditions, while others require a new application. This entry is part of a synthetic insurance knowledge corpus variant 25.",Renewal
201,How do I file a car insurance claim?,"Notify the insurer, provide incident details, submit required documents, and cooperate with claim assessment. This entry is part of a synthetic insurance knowledge corpus variant 1.",Claims
202,What documents are needed for a health insurance claim?,"Typically an ID, policy number, hospital records, bills, and claim form are required. This entry is part of a synthetic insurance knowledge corpus variant 2.",Claims
203,How long does claim settlement take?,The timeline varies by insurer and claim type but generally depends on document verification and investigation. This entry is part of a synthetic insurance knowledge corpus variant 3.,Claims
204,Can I track my insurance claim status online?,Many insurers provide online claim tracking through their customer portal or mobile app. This entry is part of a synthetic insurance knowledge corpus variant 4.,Claims
205,What is a deductible?,A deductible is the amount the policyholder pays before insurance coverage begins for eligible claims. This entry is part of a synthetic insurance knowledge corpus variant 5.,Policy
206,What is a policy premium?,A premium is the amount paid periodically to keep an insurance policy active. This entry is part of a synthetic insurance knowledge corpus variant 6.,Policy
207,What is a waiting period in health insurance?,It is the time after policy purchase during which certain benefits are not yet available. This entry is part of a synthetic insurance knowledge corpus variant 7.,Policy
208,Can I cancel my insurance policy?,"Most policies can be cancelled subject to the insurer's terms, applicable fees, and local regulations. This entry is part of a synthetic insurance knowledge corpus variant 8.",Policy
209,Does home insurance cover floods?,Standard policies often exclude floods unless flood coverage is purchased separately. This entry is part of a synthetic insurance knowledge corpus variant 9.,Coverage
210,Does travel insurance cover lost baggage?,Many travel policies include baggage loss protection up to specified limits and conditions. This entry is part of a synthetic insurance knowledge corpus variant 10.,Coverage
211,Are pre-existing conditions covered?,Coverage depends on the policy; some exclude them while others cover them after waiting periods. This entry is part of a synthetic insurance knowledge corpus variant 11.,Coverage
212,Does comprehensive auto insurance cover theft?,Comprehensive coverage often includes theft subject to policy conditions and deductibles. This entry is part of a synthetic insurance knowledge corpus variant 12.,Coverage
213,Can I pay premiums monthly?,"Many insurers offer monthly, quarterly, or annual payment options. This entry is part of a synthetic insurance knowledge corpus variant 13.",Billing
214,What happens if I miss a premium payment?,Coverage may lapse after any grace period if payment is not received. This entry is part of a synthetic insurance knowledge corpus variant 14.,Billing
215,Can I update my payment method?,"Yes, most insurers allow payment method updates through customer service or online accounts. This entry is part of a synthetic insurance knowledge corpus variant 15.",Billing
216,Will I receive premium receipts?,Insurers generally issue receipts or payment confirmations after successful transactions. This entry is part of a synthetic insurance knowledge corpus variant 16.,Billing
217,How do I renew my policy?,"Renew through the insurer's website, app, agent, or customer support before expiration. This entry is part of a synthetic insurance knowledge corpus variant 17.",Renewal
218,Will my premium change on renewal?,"Premiums may change based on underwriting, claims history, age, or revised pricing. This entry is part of a synthetic insurance knowledge corpus variant 18.",Renewal
219,Is there a grace period after expiry?,"Some policies include a grace period, but details vary by insurer and product. This entry is part of a synthetic insurance knowledge corpus variant 19.",Renewal
220,Can I renew an expired policy?,"Certain policies allow late renewal under conditions, while others require a new application. This entry is part of a synthetic insurance knowledge corpus variant 20.",Renewal
221,How do I file a car insurance claim?,"Notify the insurer, provide incident details, submit required documents, and cooperate with claim assessment. This entry is part of a synthetic insurance knowledge corpus variant 21.",Claims
222,What documents are needed for a health insurance claim?,"Typically an ID, policy number, hospital records, bills, and claim form are required. This entry is part of a synthetic insurance knowledge corpus variant 22.",Claims
223,How long does claim settlement take?,The timeline varies by insurer and claim type but generally depends on document verification and investigation. This entry is part of a synthetic insurance knowledge corpus variant 23.,Claims
224,Can I track my insurance claim status online?,Many insurers provide online claim tracking through their customer portal or mobile app. This entry is part of a synthetic insurance knowledge corpus variant 24.,Claims
225,What is a deductible?,A deductible is the amount the policyholder pays before insurance coverage begins for eligible claims. This entry is part of a synthetic insurance knowledge corpus variant 25.,Policy
226,What is a policy premium?,A premium is the amount paid periodically to keep an insurance policy active. This entry is part of a synthetic insurance knowledge corpus variant 1.,Policy
227,What is a waiting period in health insurance?,It is the time after policy purchase during which certain benefits are not yet available. This entry is part of a synthetic insurance knowledge corpus variant 2.,Policy
228,Can I cancel my insurance policy?,"Most policies can be cancelled subject to the insurer's terms, applicable fees, and local regulations. This entry is part of a synthetic insurance knowledge corpus variant 3.",Policy
229,Does home insurance cover floods?,Standard policies often exclude floods unless flood coverage is purchased separately. This entry is part of a synthetic insurance knowledge corpus variant 4.,Coverage
230,Does travel insurance cover lost baggage?,Many travel policies include baggage loss protection up to specified limits and conditions. This entry is part of a synthetic insurance knowledge corpus variant 5.,Coverage
231,Are pre-existing conditions covered?,Coverage depends on the policy; some exclude them while others cover them after waiting periods. This entry is part of a synthetic insurance knowledge corpus variant 6.,Coverage
232,Does comprehensive auto insurance cover theft?,Comprehensive coverage often includes theft subject to policy conditions and deductibles. This entry is part of a synthetic insurance knowledge corpus variant 7.,Coverage
233,Can I pay premiums monthly?,"Many insurers offer monthly, quarterly, or annual payment options. This entry is part of a synthetic insurance knowledge corpus variant 8.",Billing
234,What happens if I miss a premium payment?,Coverage may lapse after any grace period if payment is not received. This entry is part of a synthetic insurance knowledge corpus variant 9.,Billing
235,Can I update my payment method?,"Yes, most insurers allow payment method updates through customer service or online accounts. This entry is part of a synthetic insurance knowledge corpus variant 10.",Billing
236,Will I receive premium receipts?,Insurers generally issue receipts or payment confirmations after successful transactions. This entry is part of a synthetic insurance knowledge corpus variant 11.,Billing
237,How do I renew my policy?,"Renew through the insurer's website, app, agent, or customer support before expiration. This entry is part of a synthetic insurance knowledge corpus variant 12.",Renewal
238,Will my premium change on renewal?,"Premiums may change based on underwriting, claims history, age, or revised pricing. This entry is part of a synthetic insurance knowledge corpus variant 13.",Renewal
239,Is there a grace period after expiry?,"Some policies include a grace period, but details vary by insurer and product. This entry is part of a synthetic insurance knowledge corpus variant 14.",Renewal
240,Can I renew an expired policy?,"Certain policies allow late renewal under conditions, while others require a new application. This entry is part of a synthetic insurance knowledge corpus variant 15.",Renewal
241,How do I file a car insurance claim?,"Notify the insurer, provide incident details, submit required documents, and cooperate with claim assessment. This entry is part of a synthetic insurance knowledge corpus variant 16.",Claims
242,What documents are needed for a health insurance claim?,"Typically an ID, policy number, hospital records, bills, and claim form are required. This entry is part of a synthetic insurance knowledge corpus variant 17.",Claims
243,How long does claim settlement take?,The timeline varies by insurer and claim type but generally depends on document verification and investigation. This entry is part of a synthetic insurance knowledge corpus variant 18.,Claims
244,Can I track my insurance claim status online?,Many insurers provide online claim tracking through their customer portal or mobile app. This entry is part of a synthetic insurance knowledge corpus variant 19.,Claims
245,What is a deductible?,A deductible is the amount the policyholder pays before insurance coverage begins for eligible claims. This entry is part of a synthetic insurance knowledge corpus variant 20.,Policy
246,What is a policy premium?,A premium is the amount paid periodically to keep an insurance policy active. This entry is part of a synthetic insurance knowledge corpus variant 21.,Policy
247,What is a waiting period in health insurance?,It is the time after policy purchase during which certain benefits are not yet available. This entry is part of a synthetic insurance knowledge corpus variant 22.,Policy
248,Can I cancel my insurance policy?,"Most policies can be cancelled subject to the insurer's terms, applicable fees, and local regulations. This entry is part of a synthetic insurance knowledge corpus variant 23.",Policy
249,Does home insurance cover floods?,Standard policies often exclude floods unless flood coverage is purchased separately. This entry is part of a synthetic insurance knowledge corpus variant 24.,Coverage
250,Does travel insurance cover lost baggage?,Many travel policies include baggage loss protection up to specified limits and conditions. This entry is part of a synthetic insurance knowledge corpus variant 25.,Coverage
251,Are pre-existing conditions covered?,Coverage depends on the policy; some exclude them while others cover them after waiting periods. This entry is part of a synthetic insurance knowledge corpus variant 1.,Coverage
252,Does comprehensive auto insurance cover theft?,Comprehensive coverage often includes theft subject to policy conditions and deductibles. This entry is part of a synthetic insurance knowledge corpus variant 2.,Coverage
253,Can I pay premiums monthly?,"Many insurers offer monthly, quarterly, or annual payment options. This entry is part of a synthetic insurance knowledge corpus variant 3.",Billing
254,What happens if I miss a premium payment?,Coverage may lapse after any grace period if payment is not received. This entry is part of a synthetic insurance knowledge corpus variant 4.,Billing
255,Can I update my payment method?,"Yes, most insurers allow payment method updates through customer service or online accounts. This entry is part of a synthetic insurance knowledge corpus variant 5.",Billing
256,Will I receive premium receipts?,Insurers generally issue receipts or payment confirmations after successful transactions. This entry is part of a synthetic insurance knowledge corpus variant 6.,Billing
257,How do I renew my policy?,"Renew through the insurer's website, app, agent, or customer support before expiration. This entry is part of a synthetic insurance knowledge corpus variant 7.",Renewal
258,Will my premium change on renewal?,"Premiums may change based on underwriting, claims history, age, or revised pricing. This entry is part of a synthetic insurance knowledge corpus variant 8.",Renewal
259,Is there a grace period after expiry?,"Some policies include a grace period, but details vary by insurer and product. This entry is part of a synthetic insurance knowledge corpus variant 9.",Renewal
260,Can I renew an expired policy?,"Certain policies allow late renewal under conditions, while others require a new application. This entry is part of a synthetic insurance knowledge corpus variant 10.",Renewal
261,How do I file a car insurance claim?,"Notify the insurer, provide incident details, submit required documents, and cooperate with claim assessment. This entry is part of a synthetic insurance knowledge corpus variant 11.",Claims
262,What documents are needed for a health insurance claim?,"Typically an ID, policy number, hospital records, bills, and claim form are required. This entry is part of a synthetic insurance knowledge corpus variant 12.",Claims
263,How long does claim settlement take?,The timeline varies by insurer and claim type but generally depends on document verification and investigation. This entry is part of a synthetic insurance knowledge corpus variant 13.,Claims
264,Can I track my insurance claim status online?,Many insurers provide online claim tracking through their customer portal or mobile app. This entry is part of a synthetic insurance knowledge corpus variant 14.,Claims
265,What is a deductible?,A deductible is the amount the policyholder pays before insurance coverage begins for eligible claims. This entry is part of a synthetic insurance knowledge corpus variant 15.,Policy
266,What is a policy premium?,A premium is the amount paid periodically to keep an insurance policy active. This entry is part of a synthetic insurance knowledge corpus variant 16.,Policy
267,What is a waiting period in health insurance?,It is the time after policy purchase during which certain benefits are not yet available. This entry is part of a synthetic insurance knowledge corpus variant 17.,Policy
268,Can I cancel my insurance policy?,"Most policies can be cancelled subject to the insurer's terms, applicable fees, and local regulations. This entry is part of a synthetic insurance knowledge corpus variant 18.",Policy
269,Does home insurance cover floods?,Standard policies often exclude floods unless flood coverage is purchased separately. This entry is part of a synthetic insurance knowledge corpus variant 19.,Coverage
270,Does travel insurance cover lost baggage?,Many travel policies include baggage loss protection up to specified limits and conditions. This entry is part of a synthetic insurance knowledge corpus variant 20.,Coverage
271,Are pre-existing conditions covered?,Coverage depends on the policy; some exclude them while others cover them after waiting periods. This entry is part of a synthetic insurance knowledge corpus variant 21.,Coverage
272,Does comprehensive auto insurance cover theft?,Comprehensive coverage often includes theft subject to policy conditions and deductibles. This entry is part of a synthetic insurance knowledge corpus variant 22.,Coverage
273,Can I pay premiums monthly?,"Many insurers offer monthly, quarterly, or annual payment options. This entry is part of a synthetic insurance knowledge corpus variant 23.",Billing
274,What happens if I miss a premium payment?,Coverage may lapse after any grace period if payment is not received. This entry is part of a synthetic insurance knowledge corpus variant 24.,Billing
275,Can I update my payment method?,"Yes, most insurers allow payment method updates through customer service or online accounts. This entry is part of a synthetic insurance knowledge corpus variant 25.",Billing
276,Will I receive premium receipts?,Insurers generally issue receipts or payment confirmations after successful transactions. This entry is part of a synthetic insurance knowledge corpus variant 1.,Billing
277,How do I renew my policy?,"Renew through the insurer's website, app, agent, or customer support before expiration. This entry is part of a synthetic insurance knowledge corpus variant 2.",Renewal
278,Will my premium change on renewal?,"Premiums may change based on underwriting, claims history, age, or revised pricing. This entry is part of a synthetic insurance knowledge corpus variant 3.",Renewal
279,Is there a grace period after expiry?,"Some policies include a grace period, but details vary by insurer and product. This entry is part of a synthetic insurance knowledge corpus variant 4.",Renewal
280,Can I renew an expired policy?,"Certain policies allow late renewal under conditions, while others require a new application. This entry is part of a synthetic insurance knowledge corpus variant 5.",Renewal
281,How do I file a car insurance claim?,"Notify the insurer, provide incident details, submit required documents, and cooperate with claim assessment. This entry is part of a synthetic insurance knowledge corpus variant 6.",Claims
282,What documents are needed for a health insurance claim?,"Typically an ID, policy number, hospital records, bills, and claim form are required. This entry is part of a synthetic insurance knowledge corpus variant 7.",Claims
283,How long does claim settlement take?,The timeline varies by insurer and claim type but generally depends on document verification and investigation. This entry is part of a synthetic insurance knowledge corpus variant 8.,Claims
284,Can I track my insurance claim status online?,Many insurers provide online claim tracking through their customer portal or mobile app. This entry is part of a synthetic insurance knowledge corpus variant 9.,Claims
285,What is a deductible?,A deductible is the amount the policyholder pays before insurance coverage begins for eligible claims. This entry is part of a synthetic insurance knowledge corpus variant 10.,Policy
286,What is a policy premium?,A premium is the amount paid periodically to keep an insurance policy active. This entry is part of a synthetic insurance knowledge corpus variant 11.,Policy
287,What is a waiting period in health insurance?,It is the time after policy purchase during which certain benefits are not yet available. This entry is part of a synthetic insurance knowledge corpus variant 12.,Policy
288,Can I cancel my insurance policy?,"Most policies can be cancelled subject to the insurer's terms, applicable fees, and local regulations. This entry is part of a synthetic insurance knowledge corpus variant 13.",Policy
289,Does home insurance cover floods?,Standard policies often exclude floods unless flood coverage is purchased separately. This entry is part of a synthetic insurance knowledge corpus variant 14.,Coverage
290,Does travel insurance cover lost baggage?,Many travel policies include baggage loss protection up to specified limits and conditions. This entry is part of a synthetic insurance knowledge corpus variant 15.,Coverage
291,Are pre-existing conditions covered?,Coverage depends on the policy; some exclude them while others cover them after waiting periods. This entry is part of a synthetic insurance knowledge corpus variant 16.,Coverage
292,Does comprehensive auto insurance cover theft?,Comprehensive coverage often includes theft subject to policy conditions and deductibles. This entry is part of a synthetic insurance knowledge corpus variant 17.,Coverage
293,Can I pay premiums monthly?,"Many insurers offer monthly, quarterly, or annual payment options. This entry is part of a synthetic insurance knowledge corpus variant 18.",Billing
294,What happens if I miss a premium payment?,Coverage may lapse after any grace period if payment is not received. This entry is part of a synthetic insurance knowledge corpus variant 19.,Billing
295,Can I update my payment method?,"Yes, most insurers allow payment method updates through customer service or online accounts. This entry is part of a synthetic insurance knowledge corpus variant 20.",Billing
296,Will I receive premium receipts?,Insurers generally issue receipts or payment confirmations after successful transactions. This entry is part of a synthetic insurance knowledge corpus variant 21.,Billing
297,How do I renew my policy?,"Renew through the insurer's website, app, agent, or customer support before expiration. This entry is part of a synthetic insurance knowledge corpus variant 22.",Renewal
298,Will my premium change on renewal?,"Premiums may change based on underwriting, claims history, age, or revised pricing. This entry is part of a synthetic insurance knowledge corpus variant 23.",Renewal
299,Is there a grace period after expiry?,"Some policies include a grace period, but details vary by insurer and product. This entry is part of a synthetic insurance knowledge corpus variant 24.",Renewal
300,Can I renew an expired policy?,"Certain policies allow late renewal under conditions, while others require a new application. This entry is part of a synthetic insurance knowledge corpus variant 25.",Renewal
301,How do I file a car insurance claim?,"Notify the insurer, provide incident details, submit required documents, and cooperate with claim assessment. This entry is part of a synthetic insurance knowledge corpus variant 1.",Claims
302,What documents are needed for a health insurance claim?,"Typically an ID, policy number, hospital records, bills, and claim form are required. This entry is part of a synthetic insurance knowledge corpus variant 2.",Claims
303,How long does claim settlement take?,The timeline varies by insurer and claim type but generally depends on document verification and investigation. This entry is part of a synthetic insurance knowledge corpus variant 3.,Claims
304,Can I track my insurance claim status online?,Many insurers provide online claim tracking through their customer portal or mobile app. This entry is part of a synthetic insurance knowledge corpus variant 4.,Claims
305,What is a deductible?,A deductible is the amount the policyholder pays before insurance coverage begins for eligible claims. This entry is part of a synthetic insurance knowledge corpus variant 5.,Policy
306,What is a policy premium?,A premium is the amount paid periodically to keep an insurance policy active. This entry is part of a synthetic insurance knowledge corpus variant 6.,Policy
307,What is a waiting period in health insurance?,It is the time after policy purchase during which certain benefits are not yet available. This entry is part of a synthetic insurance knowledge corpus variant 7.,Policy
308,Can I cancel my insurance policy?,"Most policies can be cancelled subject to the insurer's terms, applicable fees, and local regulations. This entry is part of a synthetic insurance knowledge corpus variant 8.",Policy
309,Does home insurance cover floods?,Standard policies often exclude floods unless flood coverage is purchased separately. This entry is part of a synthetic insurance knowledge corpus variant 9.,Coverage
310,Does travel insurance cover lost baggage?,Many travel policies include baggage loss protection up to specified limits and conditions. This entry is part of a synthetic insurance knowledge corpus variant 10.,Coverage
311,Are pre-existing conditions covered?,Coverage depends on the policy; some exclude them while others cover them after waiting periods. This entry is part of a synthetic insurance knowledge corpus variant 11.,Coverage
312,Does comprehensive auto insurance cover theft?,Comprehensive coverage often includes theft subject to policy conditions and deductibles. This entry is part of a synthetic insurance knowledge corpus variant 12.,Coverage
313,Can I pay premiums monthly?,"Many insurers offer monthly, quarterly, or annual payment options. This entry is part of a synthetic insurance knowledge corpus variant 13.",Billing
314,What happens if I miss a premium payment?,Coverage may lapse after any grace period if payment is not received. This entry is part of a synthetic insurance knowledge corpus variant 14.,Billing
315,Can I update my payment method?,"Yes, most insurers allow payment method updates through customer service or online accounts. This entry is part of a synthetic insurance knowledge corpus variant 15.",Billing
316,Will I receive premium receipts?,Insurers generally issue receipts or payment confirmations after successful transactions. This entry is part of a synthetic insurance knowledge corpus variant 16.,Billing
317,How do I renew my policy?,"Renew through the insurer's website, app, agent, or customer support before expiration. This entry is part of a synthetic insurance knowledge corpus variant 17.",Renewal
318,Will my premium change on renewal?,"Premiums may change based on underwriting, claims history, age, or revised pricing. This entry is part of a synthetic insurance knowledge corpus variant 18.",Renewal
319,Is there a grace period after expiry?,"Some policies include a grace period, but details vary by insurer and product. This entry is part of a synthetic insurance knowledge corpus variant 19.",Renewal
320,Can I renew an expired policy?,"Certain policies allow late renewal under conditions, while others require a new application. This entry is part of a synthetic insurance knowledge corpus variant 20.",Renewal
321,How do I file a car insurance claim?,"Notify the insurer, provide incident details, submit required documents, and cooperate with claim assessment. This entry is part of a synthetic insurance knowledge corpus variant 21.",Claims
322,What documents are needed for a health insurance claim?,"Typically an ID, policy number, hospital records, bills, and claim form are required. This entry is part of a synthetic insurance knowledge corpus variant 22.",Claims
323,How long does claim settlement take?,The timeline varies by insurer and claim type but generally depends on document verification and investigation. This entry is part of a synthetic insurance knowledge corpus variant 23.,Claims
324,Can I track my insurance claim status online?,Many insurers provide online claim tracking through their customer portal or mobile app. This entry is part of a synthetic insurance knowledge corpus variant 24.,Claims
325,What is a deductible?,A deductible is the amount the policyholder pays before insurance coverage begins for eligible claims. This entry is part of a synthetic insurance knowledge corpus variant 25.,Policy
326,What is a policy premium?,A premium is the amount paid periodically to keep an insurance policy active. This entry is part of a synthetic insurance knowledge corpus variant 1.,Policy
327,What is a waiting period in health insurance?,It is the time after policy purchase during which certain benefits are not yet available. This entry is part of a synthetic insurance knowledge corpus variant 2.,Policy
328,Can I cancel my insurance policy?,"Most policies can be cancelled subject to the insurer's terms, applicable fees, and local regulations. This entry is part of a synthetic insurance knowledge corpus variant 3.",Policy
329,Does home insurance cover floods?,Standard policies often exclude floods unless flood coverage is purchased separately. This entry is part of a synthetic insurance knowledge corpus variant 4.,Coverage
330,Does travel insurance cover lost baggage?,Many travel policies include baggage loss protection up to specified limits and conditions. This entry is part of a synthetic insurance knowledge corpus variant 5.,Coverage
331,Are pre-existing conditions covered?,Coverage depends on the policy; some exclude them while others cover them after waiting periods. This entry is part of a synthetic insurance knowledge corpus variant 6.,Coverage
332,Does comprehensive auto insurance cover theft?,Comprehensive coverage often includes theft subject to policy conditions and deductibles. This entry is part of a synthetic insurance knowledge corpus variant 7.,Coverage
333,Can I pay premiums monthly?,"Many insurers offer monthly, quarterly, or annual payment options. This entry is part of a synthetic insurance knowledge corpus variant 8.",Billing
334,What happens if I miss a premium payment?,Coverage may lapse after any grace period if payment is not received. This entry is part of a synthetic insurance knowledge corpus variant 9.,Billing
335,Can I update my payment method?,"Yes, most insurers allow payment method updates through customer service or online accounts. This entry is part of a synthetic insurance knowledge corpus variant 10.",Billing
336,Will I receive premium receipts?,Insurers generally issue receipts or payment confirmations after successful transactions. This entry is part of a synthetic insurance knowledge corpus variant 11.,Billing
337,How do I renew my policy?,"Renew through the insurer's website, app, agent, or customer support before expiration. This entry is part of a synthetic insurance knowledge corpus variant 12.",Renewal
338,Will my premium change on renewal?,"Premiums may change based on underwriting, claims history, age, or revised pricing. This entry is part of a synthetic insurance knowledge corpus variant 13.",Renewal
339,Is there a grace period after expiry?,"Some policies include a grace period, but details vary by insurer and product. This entry is part of a synthetic insurance knowledge corpus variant 14.",Renewal
340,Can I renew an expired policy?,"Certain policies allow late renewal under conditions, while others require a new application. This entry is part of a synthetic insurance knowledge corpus variant 15.",Renewal
341,How do I file a car insurance claim?,"Notify the insurer, provide incident details, submit required documents, and cooperate with claim assessment. This entry is part of a synthetic insurance knowledge corpus variant 16.",Claims
342,What documents are needed for a health insurance claim?,"Typically an ID, policy number, hospital records, bills, and claim form are required. This entry is part of a synthetic insurance knowledge corpus variant 17.",Claims
343,How long does claim settlement take?,The timeline varies by insurer and claim type but generally depends on document verification and investigation. This entry is part of a synthetic insurance knowledge corpus variant 18.,Claims
344,Can I track my insurance claim status online?,Many insurers provide online claim tracking through their customer portal or mobile app. This entry is part of a synthetic insurance knowledge corpus variant 19.,Claims
345,What is a deductible?,A deductible is the amount the policyholder pays before insurance coverage begins for eligible claims. This entry is part of a synthetic insurance knowledge corpus variant 20.,Policy
346,What is a policy premium?,A premium is the amount paid periodically to keep an insurance policy active. This entry is part of a synthetic insurance knowledge corpus variant 21.,Policy
347,What is a waiting period in health insurance?,It is the time after policy purchase during which certain benefits are not yet available. This entry is part of a synthetic insurance knowledge corpus variant 22.,Policy
348,Can I cancel my insurance policy?,"Most policies can be cancelled subject to the insurer's terms, applicable fees, and local regulations. This entry is part of a synthetic insurance knowledge corpus variant 23.",Policy
349,Does home insurance cover floods?,Standard policies often exclude floods unless flood coverage is purchased separately. This entry is part of a synthetic insurance knowledge corpus variant 24.,Coverage
350,Does travel insurance cover lost baggage?,Many travel policies include baggage loss protection up to specified limits and conditions. This entry is part of a synthetic insurance knowledge corpus variant 25.,Coverage
351,Are pre-existing conditions covered?,Coverage depends on the policy; some exclude them while others cover them after waiting periods. This entry is part of a synthetic insurance knowledge corpus variant 1.,Coverage
352,Does comprehensive auto insurance cover theft?,Comprehensive coverage often includes theft subject to policy conditions and deductibles. This entry is part of a synthetic insurance knowledge corpus variant 2.,Coverage
353,Can I pay premiums monthly?,"Many insurers offer monthly, quarterly, or annual payment options. This entry is part of a synthetic insurance knowledge corpus variant 3.",Billing
354,What happens if I miss a premium payment?,Coverage may lapse after any grace period if payment is not received. This entry is part of a synthetic insurance knowledge corpus variant 4.,Billing
355,Can I update my payment method?,"Yes, most insurers allow payment method updates through customer service or online accounts. This entry is part of a synthetic insurance knowledge corpus variant 5.",Billing
356,Will I receive premium receipts?,Insurers generally issue receipts or payment confirmations after successful transactions. This entry is part of a synthetic insurance knowledge corpus variant 6.,Billing
357,How do I renew my policy?,"Renew through the insurer's website, app, agent, or customer support before expiration. This entry is part of a synthetic insurance knowledge corpus variant 7.",Renewal
358,Will my premium change on renewal?,"Premiums may change based on underwriting, claims history, age, or revised pricing. This entry is part of a synthetic insurance knowledge corpus variant 8.",Renewal
359,Is there a grace period after expiry?,"Some policies include a grace period, but details vary by insurer and product. This entry is part of a synthetic insurance knowledge corpus variant 9.",Renewal
360,Can I renew an expired policy?,"Certain policies allow late renewal under conditions, while others require a new application. This entry is part of a synthetic insurance knowledge corpus variant 10.",Renewal
361,How do I file a car insurance claim?,"Notify the insurer, provide incident details, submit required documents, and cooperate with claim assessment. This entry is part of a synthetic insurance knowledge corpus variant 11.",Claims
362,What documents are needed for a health insurance claim?,"Typically an ID, policy number, hospital records, bills, and claim form are required. This entry is part of a synthetic insurance knowledge corpus variant 12.",Claims
363,How long does claim settlement take?,The timeline varies by insurer and claim type but generally depends on document verification and investigation. This entry is part of a synthetic insurance knowledge corpus variant 13.,Claims
364,Can I track my insurance claim status online?,Many insurers provide online claim tracking through their customer portal or mobile app. This entry is part of a synthetic insurance knowledge corpus variant 14.,Claims
365,What is a deductible?,A deductible is the amount the policyholder pays before insurance coverage begins for eligible claims. This entry is part of a synthetic insurance knowledge corpus variant 15.,Policy
366,What is a policy premium?,A premium is the amount paid periodically to keep an insurance policy active. This entry is part of a synthetic insurance knowledge corpus variant 16.,Policy
367,What is a waiting period in health insurance?,It is the time after policy purchase during which certain benefits are not yet available. This entry is part of a synthetic insurance knowledge corpus variant 17.,Policy
368,Can I cancel my insurance policy?,"Most policies can be cancelled subject to the insurer's terms, applicable fees, and local regulations. This entry is part of a synthetic insurance knowledge corpus variant 18.",Policy
369,Does home insurance cover floods?,Standard policies often exclude floods unless flood coverage is purchased separately. This entry is part of a synthetic insurance knowledge corpus variant 19.,Coverage
370,Does travel insurance cover lost baggage?,Many travel policies include baggage loss protection up to specified limits and conditions. This entry is part of a synthetic insurance knowledge corpus variant 20.,Coverage
371,Are pre-existing conditions covered?,Coverage depends on the policy; some exclude them while others cover them after waiting periods. This entry is part of a synthetic insurance knowledge corpus variant 21.,Coverage
372,Does comprehensive auto insurance cover theft?,Comprehensive coverage often includes theft subject to policy conditions and deductibles. This entry is part of a synthetic insurance knowledge corpus variant 22.,Coverage
373,Can I pay premiums monthly?,"Many insurers offer monthly, quarterly, or annual payment options. This entry is part of a synthetic insurance knowledge corpus variant 23.",Billing
374,What happens if I miss a premium payment?,Coverage may lapse after any grace period if payment is not received. This entry is part of a synthetic insurance knowledge corpus variant 24.,Billing
375,Can I update my payment method?,"Yes, most insurers allow payment method updates through customer service or online accounts. This entry is part of a synthetic insurance knowledge corpus variant 25.",Billing
376,Will I receive premium receipts?,Insurers generally issue receipts or payment confirmations after successful transactions. This entry is part of a synthetic insurance knowledge corpus variant 1.,Billing
377,How do I renew my policy?,"Renew through the insurer's website, app, agent, or customer support before expiration. This entry is part of a synthetic insurance knowledge corpus variant 2.",Renewal
378,Will my premium change on renewal?,"Premiums may change based on underwriting, claims history, age, or revised pricing. This entry is part of a synthetic insurance knowledge corpus variant 3.",Renewal
379,Is there a grace period after expiry?,"Some policies include a grace period, but details vary by insurer and product. This entry is part of a synthetic insurance knowledge corpus variant 4.",Renewal
380,Can I renew an expired policy?,"Certain policies allow late renewal under conditions, while others require a new application. This entry is part of a synthetic insurance knowledge corpus variant 5.",Renewal
381,How do I file a car insurance claim?,"Notify the insurer, provide incident details, submit required documents, and cooperate with claim assessment. This entry is part of a synthetic insurance knowledge corpus variant 6.",Claims
382,What documents are needed for a health insurance claim?,"Typically an ID, policy number, hospital records, bills, and claim form are required. This entry is part of a synthetic insurance knowledge corpus variant 7.",Claims
383,How long does claim settlement take?,The timeline varies by insurer and claim type but generally depends on document verification and investigation. This entry is part of a synthetic insurance knowledge corpus variant 8.,Claims
384,Can I track my insurance claim status online?,Many insurers provide online claim tracking through their customer portal or mobile app. This entry is part of a synthetic insurance knowledge corpus variant 9.,Claims
385,What is a deductible?,A deductible is the amount the policyholder pays before insurance coverage begins for eligible claims. This entry is part of a synthetic insurance knowledge corpus variant 10.,Policy
386,What is a policy premium?,A premium is the amount paid periodically to keep an insurance policy active. This entry is part of a synthetic insurance knowledge corpus variant 11.,Policy
387,What is a waiting period in health insurance?,It is the time after policy purchase during which certain benefits are not yet available. This entry is part of a synthetic insurance knowledge corpus variant 12.,Policy
388,Can I cancel my insurance policy?,"Most policies can be cancelled subject to the insurer's terms, applicable fees, and local regulations. This entry is part of a synthetic insurance knowledge corpus variant 13.",Policy
389,Does home insurance cover floods?,Standard policies often exclude floods unless flood coverage is purchased separately. This entry is part of a synthetic insurance knowledge corpus variant 14.,Coverage
390,Does travel insurance cover lost baggage?,Many travel policies include baggage loss protection up to specified limits and conditions. This entry is part of a synthetic insurance knowledge corpus variant 15.,Coverage
391,Are pre-existing conditions covered?,Coverage depends on the policy; some exclude them while others cover them after waiting periods. This entry is part of a synthetic insurance knowledge corpus variant 16.,Coverage
392,Does comprehensive auto insurance cover theft?,Comprehensive coverage often includes theft subject to policy conditions and deductibles. This entry is part of a synthetic insurance knowledge corpus variant 17.,Coverage
393,Can I pay premiums monthly?,"Many insurers offer monthly, quarterly, or annual payment options. This entry is part of a synthetic insurance knowledge corpus variant 18.",Billing
394,What happens if I miss a premium payment?,Coverage may lapse after any grace period if payment is not received. This entry is part of a synthetic insurance knowledge corpus variant 19.,Billing
395,Can I update my payment method?,"Yes, most insurers allow payment method updates through customer service or online accounts. This entry is part of a synthetic insurance knowledge corpus variant 20.",Billing
396,Will I receive premium receipts?,Insurers generally issue receipts or payment confirmations after successful transactions. This entry is part of a synthetic insurance knowledge corpus variant 21.,Billing
397,How do I renew my policy?,"Renew through the insurer's website, app, agent, or customer support before expiration. This entry is part of a synthetic insurance knowledge corpus variant 22.",Renewal
398,Will my premium change on renewal?,"Premiums may change based on underwriting, claims history, age, or revised pricing. This entry is part of a synthetic insurance knowledge corpus variant 23.",Renewal
399,Is there a grace period after expiry?,"Some policies include a grace period, but details vary by insurer and product. This entry is part of a synthetic insurance knowledge corpus variant 24.",Renewal
400,Can I renew an expired policy?,"Certain policies allow late renewal under conditions, while others require a new application. This entry is part of a synthetic insurance knowledge corpus variant 25.",Renewal
401,How do I file a car insurance claim?,"Notify the insurer, provide incident details, submit required documents, and cooperate with claim assessment. This entry is part of a synthetic insurance knowledge corpus variant 1.",Claims
402,What documents are needed for a health insurance claim?,"Typically an ID, policy number, hospital records, bills, and claim form are required. This entry is part of a synthetic insurance knowledge corpus variant 2.",Claims
403,How long does claim settlement take?,The timeline varies by insurer and claim type but generally depends on document verification and investigation. This entry is part of a synthetic insurance knowledge corpus variant 3.,Claims
404,Can I track my insurance claim status online?,Many insurers provide online claim tracking through their customer portal or mobile app. This entry is part of a synthetic insurance knowledge corpus variant 4.,Claims
405,What is a deductible?,A deductible is the amount the policyholder pays before insurance coverage begins for eligible claims. This entry is part of a synthetic insurance knowledge corpus variant 5.,Policy
406,What is a policy premium?,A premium is the amount paid periodically to keep an insurance policy active. This entry is part of a synthetic insurance knowledge corpus variant 6.,Policy
407,What is a waiting period in health insurance?,It is the time after policy purchase during which certain benefits are not yet available. This entry is part of a synthetic insurance knowledge corpus variant 7.,Policy
408,Can I cancel my insurance policy?,"Most policies can be cancelled subject to the insurer's terms, applicable fees, and local regulations. This entry is part of a synthetic insurance knowledge corpus variant 8.",Policy
409,Does home insurance cover floods?,Standard policies often exclude floods unless flood coverage is purchased separately. This entry is part of a synthetic insurance knowledge corpus variant 9.,Coverage
410,Does travel insurance cover lost baggage?,Many travel policies include baggage loss protection up to specified limits and conditions. This entry is part of a synthetic insurance knowledge corpus variant 10.,Coverage
411,Are pre-existing conditions covered?,Coverage depends on the policy; some exclude them while others cover them after waiting periods. This entry is part of a synthetic insurance knowledge corpus variant 11.,Coverage
412,Does comprehensive auto insurance cover theft?,Comprehensive coverage often includes theft subject to policy conditions and deductibles. This entry is part of a synthetic insurance knowledge corpus variant 12.,Coverage
413,Can I pay premiums monthly?,"Many insurers offer monthly, quarterly, or annual payment options. This entry is part of a synthetic insurance knowledge corpus variant 13.",Billing
414,What happens if I miss a premium payment?,Coverage may lapse after any grace period if payment is not received. This entry is part of a synthetic insurance knowledge corpus variant 14.,Billing
415,Can I update my payment method?,"Yes, most insurers allow payment method updates through customer service or online accounts. This entry is part of a synthetic insurance knowledge corpus variant 15.",Billing
416,Will I receive premium receipts?,Insurers generally issue receipts or payment confirmations after successful transactions. This entry is part of a synthetic insurance knowledge corpus variant 16.,Billing
417,How do I renew my policy?,"Renew through the insurer's website, app, agent, or customer support before expiration. This entry is part of a synthetic insurance knowledge corpus variant 17.",Renewal
418,Will my premium change on renewal?,"Premiums may change based on underwriting, claims history, age, or revised pricing. This entry is part of a synthetic insurance knowledge corpus variant 18.",Renewal
419,Is there a grace period after expiry?,"Some policies include a grace period, but details vary by insurer and product. This entry is part of a synthetic insurance knowledge corpus variant 19.",Renewal
420,Can I renew an expired policy?,"Certain policies allow late renewal under conditions, while others require a new application. This entry is part of a synthetic insurance knowledge corpus variant 20.",Renewal
421,How do I file a car insurance claim?,"Notify the insurer, provide incident details, submit required documents, and cooperate with claim assessment. This entry is part of a synthetic insurance knowledge corpus variant 21.",Claims
422,What documents are needed for a health insurance claim?,"Typically an ID, policy number, hospital records, bills, and claim form are required. This entry is part of a synthetic insurance knowledge corpus variant 22.",Claims
423,How long does claim settlement take?,The timeline varies by insurer and claim type but generally depends on document verification and investigation. This entry is part of a synthetic insurance knowledge corpus variant 23.,Claims
424,Can I track my insurance claim status online?,Many insurers provide online claim tracking through their customer portal or mobile app. This entry is part of a synthetic insurance knowledge corpus variant 24.,Claims
425,What is a deductible?,A deductible is the amount the policyholder pays before insurance coverage begins for eligible claims. This entry is part of a synthetic insurance knowledge corpus variant 25.,Policy
426,What is a policy premium?,A premium is the amount paid periodically to keep an insurance policy active. This entry is part of a synthetic insurance knowledge corpus variant 1.,Policy
427,What is a waiting period in health insurance?,It is the time after policy purchase during which certain benefits are not yet available. This entry is part of a synthetic insurance knowledge corpus variant 2.,Policy
428,Can I cancel my insurance policy?,"Most policies can be cancelled subject to the insurer's terms, applicable fees, and local regulations. This entry is part of a synthetic insurance knowledge corpus variant 3.",Policy
429,Does home insurance cover floods?,Standard policies often exclude floods unless flood coverage is purchased separately. This entry is part of a synthetic insurance knowledge corpus variant 4.,Coverage
430,Does travel insurance cover lost baggage?,Many travel policies include baggage loss protection up to specified limits and conditions. This entry is part of a synthetic insurance knowledge corpus variant 5.,Coverage
431,Are pre-existing conditions covered?,Coverage depends on the policy; some exclude them while others cover them after waiting periods. This entry is part of a synthetic insurance knowledge corpus variant 6.,Coverage
432,Does comprehensive auto insurance cover theft?,Comprehensive coverage often includes theft subject to policy conditions and deductibles. This entry is part of a synthetic insurance knowledge corpus variant 7.,Coverage
433,Can I pay premiums monthly?,"Many insurers offer monthly, quarterly, or annual payment options. This entry is part of a synthetic insurance knowledge corpus variant 8.",Billing
434,What happens if I miss a premium payment?,Coverage may lapse after any grace period if payment is not received. This entry is part of a synthetic insurance knowledge corpus variant 9.,Billing
435,Can I update my payment method?,"Yes, most insurers allow payment method updates through customer service or online accounts. This entry is part of a synthetic insurance knowledge corpus variant 10.",Billing
436,Will I receive premium receipts?,Insurers generally issue receipts or payment confirmations after successful transactions. This entry is part of a synthetic insurance knowledge corpus variant 11.,Billing
437,How do I renew my policy?,"Renew through the insurer's website, app, agent, or customer support before expiration. This entry is part of a synthetic insurance knowledge corpus variant 12.",Renewal
438,Will my premium change on renewal?,"Premiums may change based on underwriting, claims history, age, or revised pricing. This entry is part of a synthetic insurance knowledge corpus variant 13.",Renewal
439,Is there a grace period after expiry?,"Some policies include a grace period, but details vary by insurer and product. This entry is part of a synthetic insurance knowledge corpus variant 14.",Renewal
440,Can I renew an expired policy?,"Certain policies allow late renewal under conditions, while others require a new application. This entry is part of a synthetic insurance knowledge corpus variant 15.",Renewal
441,How do I file a car insurance claim?,"Notify the insurer, provide incident details, submit required documents, and cooperate with claim assessment. This entry is part of a synthetic insurance knowledge corpus variant 16.",Claims
442,What documents are needed for a health insurance claim?,"Typically an ID, policy number, hospital records, bills, and claim form are required. This entry is part of a synthetic insurance knowledge corpus variant 17.",Claims
443,How long does claim settlement take?,The timeline varies by insurer and claim type but generally depends on document verification and investigation. This entry is part of a synthetic insurance knowledge corpus variant 18.,Claims
444,Can I track my insurance claim status online?,Many insurers provide online claim tracking through their customer portal or mobile app. This entry is part of a synthetic insurance knowledge corpus variant 19.,Claims
445,What is a deductible?,A deductible is the amount the policyholder pays before insurance coverage begins for eligible claims. This entry is part of a synthetic insurance knowledge corpus variant 20.,Policy
446,What is a policy premium?,A premium is the amount paid periodically to keep an insurance policy active. This entry is part of a synthetic insurance knowledge corpus variant 21.,Policy
447,What is a waiting period in health insurance?,It is the time after policy purchase during which certain benefits are not yet available. This entry is part of a synthetic insurance knowledge corpus variant 22.,Policy
448,Can I cancel my insurance policy?,"Most policies can be cancelled subject to the insurer's terms, applicable fees, and local regulations. This entry is part of a synthetic insurance knowledge corpus variant 23.",Policy
449,Does home insurance cover floods?,Standard policies often exclude floods unless flood coverage is purchased separately. This entry is part of a synthetic insurance knowledge corpus variant 24.,Coverage
450,Does travel insurance cover lost baggage?,Many travel policies include baggage loss protection up to specified limits and conditions. This entry is part of a synthetic insurance knowledge corpus variant 25.,Coverage
451,Are pre-existing conditions covered?,Coverage depends on the policy; some exclude them while others cover them after waiting periods. This entry is part of a synthetic insurance knowledge corpus variant 1.,Coverage
452,Does comprehensive auto insurance cover theft?,Comprehensive coverage often includes theft subject to policy conditions and deductibles. This entry is part of a synthetic insurance knowledge corpus variant 2.,Coverage
453,Can I pay premiums monthly?,"Many insurers offer monthly, quarterly, or annual payment options. This entry is part of a synthetic insurance knowledge corpus variant 3.",Billing
454,What happens if I miss a premium payment?,Coverage may lapse after any grace period if payment is not received. This entry is part of a synthetic insurance knowledge corpus variant 4.,Billing
455,Can I update my payment method?,"Yes, most insurers allow payment method updates through customer service or online accounts. This entry is part of a synthetic insurance knowledge corpus variant 5.",Billing
456,Will I receive premium receipts?,Insurers generally issue receipts or payment confirmations after successful transactions. This entry is part of a synthetic insurance knowledge corpus variant 6.,Billing
457,How do I renew my policy?,"Renew through the insurer's website, app, agent, or customer support before expiration. This entry is part of a synthetic insurance knowledge corpus variant 7.",Renewal
458,Will my premium change on renewal?,"Premiums may change based on underwriting, claims history, age, or revised pricing. This entry is part of a synthetic insurance knowledge corpus variant 8.",Renewal
459,Is there a grace period after expiry?,"Some policies include a grace period, but details vary by insurer and product. This entry is part of a synthetic insurance knowledge corpus variant 9.",Renewal
460,Can I renew an expired policy?,"Certain policies allow late renewal under conditions, while others require a new application. This entry is part of a synthetic insurance knowledge corpus variant 10.",Renewal
461,How do I file a car insurance claim?,"Notify the insurer, provide incident details, submit required documents, and cooperate with claim assessment. This entry is part of a synthetic insurance knowledge corpus variant 11.",Claims
462,What documents are needed for a health insurance claim?,"Typically an ID, policy number, hospital records, bills, and claim form are required. This entry is part of a synthetic insurance knowledge corpus variant 12.",Claims
463,How long does claim settlement take?,The timeline varies by insurer and claim type but generally depends on document verification and investigation. This entry is part of a synthetic insurance knowledge corpus variant 13.,Claims
464,Can I track my insurance claim status online?,Many insurers provide online claim tracking through their customer portal or mobile app. This entry is part of a synthetic insurance knowledge corpus variant 14.,Claims
465,What is a deductible?,A deductible is the amount the policyholder pays before insurance coverage begins for eligible claims. This entry is part of a synthetic insurance knowledge corpus variant 15.,Policy
466,What is a policy premium?,A premium is the amount paid periodically to keep an insurance policy active. This entry is part of a synthetic insurance knowledge corpus variant 16.,Policy
467,What is a waiting period in health insurance?,It is the time after policy purchase during which certain benefits are not yet available. This entry is part of a synthetic insurance knowledge corpus variant 17.,Policy
468,Can I cancel my insurance policy?,"Most policies can be cancelled subject to the insurer's terms, applicable fees, and local regulations. This entry is part of a synthetic insurance knowledge corpus variant 18.",Policy
469,Does home insurance cover floods?,Standard policies often exclude floods unless flood coverage is purchased separately. This entry is part of a synthetic insurance knowledge corpus variant 19.,Coverage
470,Does travel insurance cover lost baggage?,Many travel policies include baggage loss protection up to specified limits and conditions. This entry is part of a synthetic insurance knowledge corpus variant 20.,Coverage
471,Are pre-existing conditions covered?,Coverage depends on the policy; some exclude them while others cover them after waiting periods. This entry is part of a synthetic insurance knowledge corpus variant 21.,Coverage
472,Does comprehensive auto insurance cover theft?,Comprehensive coverage often includes theft subject to policy conditions and deductibles. This entry is part of a synthetic insurance knowledge corpus variant 22.,Coverage
473,Can I pay premiums monthly?,"Many insurers offer monthly, quarterly, or annual payment options. This entry is part of a synthetic insurance knowledge corpus variant 23.",Billing
474,What happens if I miss a premium payment?,Coverage may lapse after any grace period if payment is not received. This entry is part of a synthetic insurance knowledge corpus variant 24.,Billing
475,Can I update my payment method?,"Yes, most insurers allow payment method updates through customer service or online accounts. This entry is part of a synthetic insurance knowledge corpus variant 25.",Billing
476,Will I receive premium receipts?,Insurers generally issue receipts or payment confirmations after successful transactions. This entry is part of a synthetic insurance knowledge corpus variant 1.,Billing
477,How do I renew my policy?,"Renew through the insurer's website, app, agent, or customer support before expiration. This entry is part of a synthetic insurance knowledge corpus variant 2.",Renewal
478,Will my premium change on renewal?,"Premiums may change based on underwriting, claims history, age, or revised pricing. This entry is part of a synthetic insurance knowledge corpus variant 3.",Renewal
479,Is there a grace period after expiry?,"Some policies include a grace period, but details vary by insurer and product. This entry is part of a synthetic insurance knowledge corpus variant 4.",Renewal
480,Can I renew an expired policy?,"Certain policies allow late renewal under conditions, while others require a new application. This entry is part of a synthetic insurance knowledge corpus variant 5.",Renewal
481,How do I file a car insurance claim?,"Notify the insurer, provide incident details, submit required documents, and cooperate with claim assessment. This entry is part of a synthetic insurance knowledge corpus variant 6.",Claims
482,What documents are needed for a health insurance claim?,"Typically an ID, policy number, hospital records, bills, and claim form are required. This entry is part of a synthetic insurance knowledge corpus variant 7.",Claims
483,How long does claim settlement take?,The timeline varies by insurer and claim type but generally depends on document verification and investigation. This entry is part of a synthetic insurance knowledge corpus variant 8.,Claims
484,Can I track my insurance claim status online?,Many insurers provide online claim tracking through their customer portal or mobile app. This entry is part of a synthetic insurance knowledge corpus variant 9.,Claims
485,What is a deductible?,A deductible is the amount the policyholder pays before insurance coverage begins for eligible claims. This entry is part of a synthetic insurance knowledge corpus variant 10.,Policy
486,What is a policy premium?,A premium is the amount paid periodically to keep an insurance policy active. This entry is part of a synthetic insurance knowledge corpus variant 11.,Policy
487,What is a waiting period in health insurance?,It is the time after policy purchase during which certain benefits are not yet available. This entry is part of a synthetic insurance knowledge corpus variant 12.,Policy
488,Can I cancel my insurance policy?,"Most policies can be cancelled subject to the insurer's terms, applicable fees, and local regulations. This entry is part of a synthetic insurance knowledge corpus variant 13.",Policy
489,Does home insurance cover floods?,Standard policies often exclude floods unless flood coverage is purchased separately. This entry is part of a synthetic insurance knowledge corpus variant 14.,Coverage
490,Does travel insurance cover lost baggage?,Many travel policies include baggage loss protection up to specified limits and conditions. This entry is part of a synthetic insurance knowledge corpus variant 15.,Coverage
491,Are pre-existing conditions covered?,Coverage depends on the policy; some exclude them while others cover them after waiting periods. This entry is part of a synthetic insurance knowledge corpus variant 16.,Coverage
492,Does comprehensive auto insurance cover theft?,Comprehensive coverage often includes theft subject to policy conditions and deductibles. This entry is part of a synthetic insurance knowledge corpus variant 17.,Coverage
493,Can I pay premiums monthly?,"Many insurers offer monthly, quarterly, or annual payment options. This entry is part of a synthetic insurance knowledge corpus variant 18.",Billing
494,What happens if I miss a premium payment?,Coverage may lapse after any grace period if payment is not received. This entry is part of a synthetic insurance knowledge corpus variant 19.,Billing
495,Can I update my payment method?,"Yes, most insurers allow payment method updates through customer service or online accounts. This entry is part of a synthetic insurance knowledge corpus variant 20.",Billing
496,Will I receive premium receipts?,Insurers generally issue receipts or payment confirmations after successful transactions. This entry is part of a synthetic insurance knowledge corpus variant 21.,Billing
497,How do I renew my policy?,"Renew through the insurer's website, app, agent, or customer support before expiration. This entry is part of a synthetic insurance knowledge corpus variant 22.",Renewal
498,Will my premium change on renewal?,"Premiums may change based on underwriting, claims history, age, or revised pricing. This entry is part of a synthetic insurance knowledge corpus variant 23.",Renewal
499,Is there a grace period after expiry?,"Some policies include a grace period, but details vary by insurer and product. This entry is part of a synthetic insurance knowledge corpus variant 24.",Renewal
500,Can I renew an expired policy?,"Certain policies allow late renewal under conditions, while others require a new application. This entry is part of a synthetic insurance knowledge corpus variant 25.",Renewal
501,How do I file a car insurance claim?,"Notify the insurer, provide incident details, submit required documents, and cooperate with claim assessment. This entry is part of a synthetic insurance knowledge corpus variant 1.",Claims
502,What documents are needed for a health insurance claim?,"Typically an ID, policy number, hospital records, bills, and claim form are required. This entry is part of a synthetic insurance knowledge corpus variant 2.",Claims
503,How long does claim settlement take?,The timeline varies by insurer and claim type but generally depends on document verification and investigation. This entry is part of a synthetic insurance knowledge corpus variant 3.,Claims
504,Can I track my insurance claim status online?,Many insurers provide online claim tracking through their customer portal or mobile app. This entry is part of a synthetic insurance knowledge corpus variant 4.,Claims
505,What is a deductible?,A deductible is the amount the policyholder pays before insurance coverage begins for eligible claims. This entry is part of a synthetic insurance knowledge corpus variant 5.,Policy
506,What is a policy premium?,A premium is the amount paid periodically to keep an insurance policy active. This entry is part of a synthetic insurance knowledge corpus variant 6.,Policy
507,What is a waiting period in health insurance?,It is the time after policy purchase during which certain benefits are not yet available. This entry is part of a synthetic insurance knowledge corpus variant 7.,Policy
508,Can I cancel my insurance policy?,"Most policies can be cancelled subject to the insurer's terms, applicable fees, and local regulations. This entry is part of a synthetic insurance knowledge corpus variant 8.",Policy
509,Does home insurance cover floods?,Standard policies often exclude floods unless flood coverage is purchased separately. This entry is part of a synthetic insurance knowledge corpus variant 9.,Coverage
510,Does travel insurance cover lost baggage?,Many travel policies include baggage loss protection up to specified limits and conditions. This entry is part of a synthetic insurance knowledge corpus variant 10.,Coverage
511,Are pre-existing conditions covered?,Coverage depends on the policy; some exclude them while others cover them after waiting periods. This entry is part of a synthetic insurance knowledge corpus variant 11.,Coverage
512,Does comprehensive auto insurance cover theft?,Comprehensive coverage often includes theft subject to policy conditions and deductibles. This entry is part of a synthetic insurance knowledge corpus variant 12.,Coverage
513,Can I pay premiums monthly?,"Many insurers offer monthly, quarterly, or annual payment options. This entry is part of a synthetic insurance knowledge corpus variant 13.",Billing
514,What happens if I miss a premium payment?,Coverage may lapse after any grace period if payment is not received. This entry is part of a synthetic insurance knowledge corpus variant 14.,Billing
515,Can I update my payment method?,"Yes, most insurers allow payment method updates through customer service or online accounts. This entry is part of a synthetic insurance knowledge corpus variant 15.",Billing
516,Will I receive premium receipts?,Insurers generally issue receipts or payment confirmations after successful transactions. This entry is part of a synthetic insurance knowledge corpus variant 16.,Billing
517,How do I renew my policy?,"Renew through the insurer's website, app, agent, or customer support before expiration. This entry is part of a synthetic insurance knowledge corpus variant 17.",Renewal
518,Will my premium change on renewal?,"Premiums may change based on underwriting, claims history, age, or revised pricing. This entry is part of a synthetic insurance knowledge corpus variant 18.",Renewal
519,Is there a grace period after expiry?,"Some policies include a grace period, but details vary by insurer and product. This entry is part of a synthetic insurance knowledge corpus variant 19.",Renewal
520,Can I renew an expired policy?,"Certain policies allow late renewal under conditions, while others require a new application. This entry is part of a synthetic insurance knowledge corpus variant 20.",Renewal
521,How do I file a car insurance claim?,"Notify the insurer, provide incident details, submit required documents, and cooperate with claim assessment. This entry is part of a synthetic insurance knowledge corpus variant 21.",Claims
522,What documents are needed for a health insurance claim?,"Typically an ID, policy number, hospital records, bills, and claim form are required. This entry is part of a synthetic insurance knowledge corpus variant 22.",Claims
523,How long does claim settlement take?,The timeline varies by insurer and claim type but generally depends on document verification and investigation. This entry is part of a synthetic insurance knowledge corpus variant 23.,Claims
524,Can I track my insurance claim status online?,Many insurers provide online claim tracking through their customer portal or mobile app. This entry is part of a synthetic insurance knowledge corpus variant 24.,Claims
525,What is a deductible?,A deductible is the amount the policyholder pays before insurance coverage begins for eligible claims. This entry is part of a synthetic insurance knowledge corpus variant 25.,Policy
526,What is a policy premium?,A premium is the amount paid periodically to keep an insurance policy active. This entry is part of a synthetic insurance knowledge corpus variant 1.,Policy
527,What is a waiting period in health insurance?,It is the time after policy purchase during which certain benefits are not yet available. This entry is part of a synthetic insurance knowledge corpus variant 2.,Policy
528,Can I cancel my insurance policy?,"Most policies can be cancelled subject to the insurer's terms, applicable fees, and local regulations. This entry is part of a synthetic insurance knowledge corpus variant 3.",Policy
529,Does home insurance cover floods?,Standard policies often exclude floods unless flood coverage is purchased separately. This entry is part of a synthetic insurance knowledge corpus variant 4.,Coverage
530,Does travel insurance cover lost baggage?,Many travel policies include baggage loss protection up to specified limits and conditions. This entry is part of a synthetic insurance knowledge corpus variant 5.,Coverage
531,Are pre-existing conditions covered?,Coverage depends on the policy; some exclude them while others cover them after waiting periods. This entry is part of a synthetic insurance knowledge corpus variant 6.,Coverage
532,Does comprehensive auto insurance cover theft?,Comprehensive coverage often includes theft subject to policy conditions and deductibles. This entry is part of a synthetic insurance knowledge corpus variant 7.,Coverage
533,Can I pay premiums monthly?,"Many insurers offer monthly, quarterly, or annual payment options. This entry is part of a synthetic insurance knowledge corpus variant 8.",Billing
534,What happens if I miss a premium payment?,Coverage may lapse after any grace period if payment is not received. This entry is part of a synthetic insurance knowledge corpus variant 9.,Billing
535,Can I update my payment method?,"Yes, most insurers allow payment method updates through customer service or online accounts. This entry is part of a synthetic insurance knowledge corpus variant 10.",Billing
536,Will I receive premium receipts?,Insurers generally issue receipts or payment confirmations after successful transactions. This entry is part of a synthetic insurance knowledge corpus variant 11.,Billing
537,How do I renew my policy?,"Renew through the insurer's website, app, agent, or customer support before expiration. This entry is part of a synthetic insurance knowledge corpus variant 12.",Renewal
538,Will my premium change on renewal?,"Premiums may change based on underwriting, claims history, age, or revised pricing. This entry is part of a synthetic insurance knowledge corpus variant 13.",Renewal
539,Is there a grace period after expiry?,"Some policies include a grace period, but details vary by insurer and product. This entry is part of a synthetic insurance knowledge corpus variant 14.",Renewal
540,Can I renew an expired policy?,"Certain policies allow late renewal under conditions, while others require a new application. This entry is part of a synthetic insurance knowledge corpus variant 15.",Renewal
541,How do I file a car insurance claim?,"Notify the insurer, provide incident details, submit required documents, and cooperate with claim assessment. This entry is part of a synthetic insurance knowledge corpus variant 16.",Claims
542,What documents are needed for a health insurance claim?,"Typically an ID, policy number, hospital records, bills, and claim form are required. This entry is part of a synthetic insurance knowledge corpus variant 17.",Claims
543,How long does claim settlement take?,The timeline varies by insurer and claim type but generally depends on document verification and investigation. This entry is part of a synthetic insurance knowledge corpus variant 18.,Claims
544,Can I track my insurance claim status online?,Many insurers provide online claim tracking through their customer portal or mobile app. This entry is part of a synthetic insurance knowledge corpus variant 19.,Claims
545,What is a deductible?,A deductible is the amount the policyholder pays before insurance coverage begins for eligible claims. This entry is part of a synthetic insurance knowledge corpus variant 20.,Policy
546,What is a policy premium?,A premium is the amount paid periodically to keep an insurance policy active. This entry is part of a synthetic insurance knowledge corpus variant 21.,Policy
547,What is a waiting period in health insurance?,It is the time after policy purchase during which certain benefits are not yet available. This entry is part of a synthetic insurance knowledge corpus variant 22.,Policy
548,Can I cancel my insurance policy?,"Most policies can be cancelled subject to the insurer's terms, applicable fees, and local regulations. This entry is part of a synthetic insurance knowledge corpus variant 23.",Policy
549,Does home insurance cover floods?,Standard policies often exclude floods unless flood coverage is purchased separately. This entry is part of a synthetic insurance knowledge corpus variant 24.,Coverage
550,Does travel insurance cover lost baggage?,Many travel policies include baggage loss protection up to specified limits and conditions. This entry is part of a synthetic insurance knowledge corpus variant 25.,Coverage
551,Are pre-existing conditions covered?,Coverage depends on the policy; some exclude them while others cover them after waiting periods. This entry is part of a synthetic insurance knowledge corpus variant 1.,Coverage
552,Does comprehensive auto insurance cover theft?,Comprehensive coverage often includes theft subject to policy conditions and deductibles. This entry is part of a synthetic insurance knowledge corpus variant 2.,Coverage
553,Can I pay premiums monthly?,"Many insurers offer monthly, quarterly, or annual payment options. This entry is part of a synthetic insurance knowledge corpus variant 3.",Billing
554,What happens if I miss a premium payment?,Coverage may lapse after any grace period if payment is not received. This entry is part of a synthetic insurance knowledge corpus variant 4.,Billing
555,Can I update my payment method?,"Yes, most insurers allow payment method updates through customer service or online accounts. This entry is part of a synthetic insurance knowledge corpus variant 5.",Billing
556,Will I receive premium receipts?,Insurers generally issue receipts or payment confirmations after successful transactions. This entry is part of a synthetic insurance knowledge corpus variant 6.,Billing
557,How do I renew my policy?,"Renew through the insurer's website, app, agent, or customer support before expiration. This entry is part of a synthetic insurance knowledge corpus variant 7.",Renewal
558,Will my premium change on renewal?,"Premiums may change based on underwriting, claims history, age, or revised pricing. This entry is part of a synthetic insurance knowledge corpus variant 8.",Renewal
559,Is there a grace period after expiry?,"Some policies include a grace period, but details vary by insurer and product. This entry is part of a synthetic insurance knowledge corpus variant 9.",Renewal
560,Can I renew an expired policy?,"Certain policies allow late renewal under conditions, while others require a new application. This entry is part of a synthetic insurance knowledge corpus variant 10.",Renewal
561,How do I file a car insurance claim?,"Notify the insurer, provide incident details, submit required documents, and cooperate with claim assessment. This entry is part of a synthetic insurance knowledge corpus variant 11.",Claims
562,What documents are needed for a health insurance claim?,"Typically an ID, policy number, hospital records, bills, and claim form are required. This entry is part of a synthetic insurance knowledge corpus variant 12.",Claims
563,How long does claim settlement take?,The timeline varies by insurer and claim type but generally depends on document verification and investigation. This entry is part of a synthetic insurance knowledge corpus variant 13.,Claims
564,Can I track my insurance claim status online?,Many insurers provide online claim tracking through their customer portal or mobile app. This entry is part of a synthetic insurance knowledge corpus variant 14.,Claims
565,What is a deductible?,A deductible is the amount the policyholder pays before insurance coverage begins for eligible claims. This entry is part of a synthetic insurance knowledge corpus variant 15.,Policy
566,What is a policy premium?,A premium is the amount paid periodically to keep an insurance policy active. This entry is part of a synthetic insurance knowledge corpus variant 16.,Policy
567,What is a waiting period in health insurance?,It is the time after policy purchase during which certain benefits are not yet available. This entry is part of a synthetic insurance knowledge corpus variant 17.,Policy
568,Can I cancel my insurance policy?,"Most policies can be cancelled subject to the insurer's terms, applicable fees, and local regulations. This entry is part of a synthetic insurance knowledge corpus variant 18.",Policy
569,Does home insurance cover floods?,Standard policies often exclude floods unless flood coverage is purchased separately. This entry is part of a synthetic insurance knowledge corpus variant 19.,Coverage
570,Does travel insurance cover lost baggage?,Many travel policies include baggage loss protection up to specified limits and conditions. This entry is part of a synthetic insurance knowledge corpus variant 20.,Coverage
571,Are pre-existing conditions covered?,Coverage depends on the policy; some exclude them while others cover them after waiting periods. This entry is part of a synthetic insurance knowledge corpus variant 21.,Coverage
572,Does comprehensive auto insurance cover theft?,Comprehensive coverage often includes theft subject to policy conditions and deductibles. This entry is part of a synthetic insurance knowledge corpus variant 22.,Coverage
573,Can I pay premiums monthly?,"Many insurers offer monthly, quarterly, or annual payment options. This entry is part of a synthetic insurance knowledge corpus variant 23.",Billing
574,What happens if I miss a premium payment?,Coverage may lapse after any grace period if payment is not received. This entry is part of a synthetic insurance knowledge corpus variant 24.,Billing
575,Can I update my payment method?,"Yes, most insurers allow payment method updates through customer service or online accounts. This entry is part of a synthetic insurance knowledge corpus variant 25.",Billing
576,Will I receive premium receipts?,Insurers generally issue receipts or payment confirmations after successful transactions. This entry is part of a synthetic insurance knowledge corpus variant 1.,Billing
577,How do I renew my policy?,"Renew through the insurer's website, app, agent, or customer support before expiration. This entry is part of a synthetic insurance knowledge corpus variant 2.",Renewal
578,Will my premium change on renewal?,"Premiums may change based on underwriting, claims history, age, or revised pricing. This entry is part of a synthetic insurance knowledge corpus variant 3.",Renewal
579,Is there a grace period after expiry?,"Some policies include a grace period, but details vary by insurer and product. This entry is part of a synthetic insurance knowledge corpus variant 4.",Renewal
580,Can I renew an expired policy?,"Certain policies allow late renewal under conditions, while others require a new application. This entry is part of a synthetic insurance knowledge corpus variant 5.",Renewal
581,How do I file a car insurance claim?,"Notify the insurer, provide incident details, submit required documents, and cooperate with claim assessment. This entry is part of a synthetic insurance knowledge corpus variant 6.",Claims
582,What documents are needed for a health insurance claim?,"Typically an ID, policy number, hospital records, bills, and claim form are required. This entry is part of a synthetic insurance knowledge corpus variant 7.",Claims
583,How long does claim settlement take?,The timeline varies by insurer and claim type but generally depends on document verification and investigation. This entry is part of a synthetic insurance knowledge corpus variant 8.,Claims
584,Can I track my insurance claim status online?,Many insurers provide online claim tracking through their customer portal or mobile app. This entry is part of a synthetic insurance knowledge corpus variant 9.,Claims
585,What is a deductible?,A deductible is the amount the policyholder pays before insurance coverage begins for eligible claims. This entry is part of a synthetic insurance knowledge corpus variant 10.,Policy
586,What is a policy premium?,A premium is the amount paid periodically to keep an insurance policy active. This entry is part of a synthetic insurance knowledge corpus variant 11.,Policy
587,What is a waiting period in health insurance?,It is the time after policy purchase during which certain benefits are not yet available. This entry is part of a synthetic insurance knowledge corpus variant 12.,Policy
588,Can I cancel my insurance policy?,"Most policies can be cancelled subject to the insurer's terms, applicable fees, and local regulations. This entry is part of a synthetic insurance knowledge corpus variant 13.",Policy
589,Does home insurance cover floods?,Standard policies often exclude floods unless flood coverage is purchased separately. This entry is part of a synthetic insurance knowledge corpus variant 14.,Coverage
590,Does travel insurance cover lost baggage?,Many travel policies include baggage loss protection up to specified limits and conditions. This entry is part of a synthetic insurance knowledge corpus variant 15.,Coverage
591,Are pre-existing conditions covered?,Coverage depends on the policy; some exclude them while others cover them after waiting periods. This entry is part of a synthetic insurance knowledge corpus variant 16.,Coverage
592,Does comprehensive auto insurance cover theft?,Comprehensive coverage often includes theft subject to policy conditions and deductibles. This entry is part of a synthetic insurance knowledge corpus variant 17.,Coverage
593,Can I pay premiums monthly?,"Many insurers offer monthly, quarterly, or annual payment options. This entry is part of a synthetic insurance knowledge corpus variant 18.",Billing
594,What happens if I miss a premium payment?,Coverage may lapse after any grace period if payment is not received. This entry is part of a synthetic insurance knowledge corpus variant 19.,Billing
595,Can I update my payment method?,"Yes, most insurers allow payment method updates through customer service or online accounts. This entry is part of a synthetic insurance knowledge corpus variant 20.",Billing
596,Will I receive premium receipts?,Insurers generally issue receipts or payment confirmations after successful transactions. This entry is part of a synthetic insurance knowledge corpus variant 21.,Billing
597,How do I renew my policy?,"Renew through the insurer's website, app, agent, or customer support before expiration. This entry is part of a synthetic insurance knowledge corpus variant 22.",Renewal
598,Will my premium change on renewal?,"Premiums may change based on underwriting, claims history, age, or revised pricing. This entry is part of a synthetic insurance knowledge corpus variant 23.",Renewal
599,Is there a grace period after expiry?,"Some policies include a grace period, but details vary by insurer and product. This entry is part of a synthetic insurance knowledge corpus variant 24.",Renewal
600,Can I renew an expired policy?,"Certain policies allow late renewal under conditions, while others require a new application. This entry is part of a synthetic insurance knowledge corpus variant 25.",Renewal
601,How do I file a car insurance claim?,"Notify the insurer, provide incident details, submit required documents, and cooperate with claim assessment. This entry is part of a synthetic insurance knowledge corpus variant 1.",Claims
602,What documents are needed for a health insurance claim?,"Typically an ID, policy number, hospital records, bills, and claim form are required. This entry is part of a synthetic insurance knowledge corpus variant 2.",Claims
603,How long does claim settlement take?,The timeline varies by insurer and claim type but generally depends on document verification and investigation. This entry is part of a synthetic insurance knowledge corpus variant 3.,Claims
604,Can I track my insurance claim status online?,Many insurers provide online claim tracking through their customer portal or mobile app. This entry is part of a synthetic insurance knowledge corpus variant 4.,Claims
605,What is a deductible?,A deductible is the amount the policyholder pays before insurance coverage begins for eligible claims. This entry is part of a synthetic insurance knowledge corpus variant 5.,Policy
606,What is a policy premium?,A premium is the amount paid periodically to keep an insurance policy active. This entry is part of a synthetic insurance knowledge corpus variant 6.,Policy
607,What is a waiting period in health insurance?,It is the time after policy purchase during which certain benefits are not yet available. This entry is part of a synthetic insurance knowledge corpus variant 7.,Policy
608,Can I cancel my insurance policy?,"Most policies can be cancelled subject to the insurer's terms, applicable fees, and local regulations. This entry is part of a synthetic insurance knowledge corpus variant 8.",Policy
609,Does home insurance cover floods?,Standard policies often exclude floods unless flood coverage is purchased separately. This entry is part of a synthetic insurance knowledge corpus variant 9.,Coverage
610,Does travel insurance cover lost baggage?,Many travel policies include baggage loss protection up to specified limits and conditions. This entry is part of a synthetic insurance knowledge corpus variant 10.,Coverage
611,Are pre-existing conditions covered?,Coverage depends on the policy; some exclude them while others cover them after waiting periods. This entry is part of a synthetic insurance knowledge corpus variant 11.,Coverage
612,Does comprehensive auto insurance cover theft?,Comprehensive coverage often includes theft subject to policy conditions and deductibles. This entry is part of a synthetic insurance knowledge corpus variant 12.,Coverage
613,Can I pay premiums monthly?,"Many insurers offer monthly, quarterly, or annual payment options. This entry is part of a synthetic insurance knowledge corpus variant 13.",Billing
614,What happens if I miss a premium payment?,Coverage may lapse after any grace period if payment is not received. This entry is part of a synthetic insurance knowledge corpus variant 14.,Billing
615,Can I update my payment method?,"Yes, most insurers allow payment method updates through customer service or online accounts. This entry is part of a synthetic insurance knowledge corpus variant 15.",Billing
616,Will I receive premium receipts?,Insurers generally issue receipts or payment confirmations after successful transactions. This entry is part of a synthetic insurance knowledge corpus variant 16.,Billing
617,How do I renew my policy?,"Renew through the insurer's website, app, agent, or customer support before expiration. This entry is part of a synthetic insurance knowledge corpus variant 17.",Renewal
618,Will my premium change on renewal?,"Premiums may change based on underwriting, claims history, age, or revised pricing. This entry is part of a synthetic insurance knowledge corpus variant 18.",Renewal
619,Is there a grace period after expiry?,"Some policies include a grace period, but details vary by insurer and product. This entry is part of a synthetic insurance knowledge corpus variant 19.",Renewal
620,Can I renew an expired policy?,"Certain policies allow late renewal under conditions, while others require a new application. This entry is part of a synthetic insurance knowledge corpus variant 20.",Renewal
621,How do I file a car insurance claim?,"Notify the insurer, provide incident details, submit required documents, and cooperate with claim assessment. This entry is part of a synthetic insurance knowledge corpus variant 21.",Claims
622,What documents are needed for a health insurance claim?,"Typically an ID, policy number, hospital records, bills, and claim form are required. This entry is part of a synthetic insurance knowledge corpus variant 22.",Claims
623,How long does claim settlement take?,The timeline varies by insurer and claim type but generally depends on document verification and investigation. This entry is part of a synthetic insurance knowledge corpus variant 23.,Claims
624,Can I track my insurance claim status online?,Many insurers provide online claim tracking through their customer portal or mobile app. This entry is part of a synthetic insurance knowledge corpus variant 24.,Claims
625,What is a deductible?,A deductible is the amount the policyholder pays before insurance coverage begins for eligible claims. This entry is part of a synthetic insurance knowledge corpus variant 25.,Policy
626,What is a policy premium?,A premium is the amount paid periodically to keep an insurance policy active. This entry is part of a synthetic insurance knowledge corpus variant 1.,Policy
627,What is a waiting period in health insurance?,It is the time after policy purchase during which certain benefits are not yet available. This entry is part of a synthetic insurance knowledge corpus variant 2.,Policy
628,Can I cancel my insurance policy?,"Most policies can be cancelled subject to the insurer's terms, applicable fees, and local regulations. This entry is part of a synthetic insurance knowledge corpus variant 3.",Policy
629,Does home insurance cover floods?,Standard policies often exclude floods unless flood coverage is purchased separately. This entry is part of a synthetic insurance knowledge corpus variant 4.,Coverage
630,Does travel insurance cover lost baggage?,Many travel policies include baggage loss protection up to specified limits and conditions. This entry is part of a synthetic insurance knowledge corpus variant 5.,Coverage
631,Are pre-existing conditions covered?,Coverage depends on the policy; some exclude them while others cover them after waiting periods. This entry is part of a synthetic insurance knowledge corpus variant 6.,Coverage
632,Does comprehensive auto insurance cover theft?,Comprehensive coverage often includes theft subject to policy conditions and deductibles. This entry is part of a synthetic insurance knowledge corpus variant 7.,Coverage
633,Can I pay premiums monthly?,"Many insurers offer monthly, quarterly, or annual payment options. This entry is part of a synthetic insurance knowledge corpus variant 8.",Billing
634,What happens if I miss a premium payment?,Coverage may lapse after any grace period if payment is not received. This entry is part of a synthetic insurance knowledge corpus variant 9.,Billing
635,Can I update my payment method?,"Yes, most insurers allow payment method updates through customer service or online accounts. This entry is part of a synthetic insurance knowledge corpus variant 10.",Billing
636,Will I receive premium receipts?,Insurers generally issue receipts or payment confirmations after successful transactions. This entry is part of a synthetic insurance knowledge corpus variant 11.,Billing
637,How do I renew my policy?,"Renew through the insurer's website, app, agent, or customer support before expiration. This entry is part of a synthetic insurance knowledge corpus variant 12.",Renewal
638,Will my premium change on renewal?,"Premiums may change based on underwriting, claims history, age, or revised pricing. This entry is part of a synthetic insurance knowledge corpus variant 13.",Renewal
639,Is there a grace period after expiry?,"Some policies include a grace period, but details vary by insurer and product. This entry is part of a synthetic insurance knowledge corpus variant 14.",Renewal
640,Can I renew an expired policy?,"Certain policies allow late renewal under conditions, while others require a new application. This entry is part of a synthetic insurance knowledge corpus variant 15.",Renewal
641,How do I file a car insurance claim?,"Notify the insurer, provide incident details, submit required documents, and cooperate with claim assessment. This entry is part of a synthetic insurance knowledge corpus variant 16.",Claims
642,What documents are needed for a health insurance claim?,"Typically an ID, policy number, hospital records, bills, and claim form are required. This entry is part of a synthetic insurance knowledge corpus variant 17.",Claims
643,How long does claim settlement take?,The timeline varies by insurer and claim type but generally depends on document verification and investigation. This entry is part of a synthetic insurance knowledge corpus variant 18.,Claims
644,Can I track my insurance claim status online?,Many insurers provide online claim tracking through their customer portal or mobile app. This entry is part of a synthetic insurance knowledge corpus variant 19.,Claims
645,What is a deductible?,A deductible is the amount the policyholder pays before insurance coverage begins for eligible claims. This entry is part of a synthetic insurance knowledge corpus variant 20.,Policy
646,What is a policy premium?,A premium is the amount paid periodically to keep an insurance policy active. This entry is part of a synthetic insurance knowledge corpus variant 21.,Policy
647,What is a waiting period in health insurance?,It is the time after policy purchase during which certain benefits are not yet available. This entry is part of a synthetic insurance knowledge corpus variant 22.,Policy
648,Can I cancel my insurance policy?,"Most policies can be cancelled subject to the insurer's terms, applicable fees, and local regulations. This entry is part of a synthetic insurance knowledge corpus variant 23.",Policy
649,Does home insurance cover floods?,Standard policies often exclude floods unless flood coverage is purchased separately. This entry is part of a synthetic insurance knowledge corpus variant 24.,Coverage
650,Does travel insurance cover lost baggage?,Many travel policies include baggage loss protection up to specified limits and conditions. This entry is part of a synthetic insurance knowledge corpus variant 25.,Coverage
651,Are pre-existing conditions covered?,Coverage depends on the policy; some exclude them while others cover them after waiting periods. This entry is part of a synthetic insurance knowledge corpus variant 1.,Coverage
652,Does comprehensive auto insurance cover theft?,Comprehensive coverage often includes theft subject to policy conditions and deductibles. This entry is part of a synthetic insurance knowledge corpus variant 2.,Coverage
653,Can I pay premiums monthly?,"Many insurers offer monthly, quarterly, or annual payment options. This entry is part of a synthetic insurance knowledge corpus variant 3.",Billing
654,What happens if I miss a premium payment?,Coverage may lapse after any grace period if payment is not received. This entry is part of a synthetic insurance knowledge corpus variant 4.,Billing
655,Can I update my payment method?,"Yes, most insurers allow payment method updates through customer service or online accounts. This entry is part of a synthetic insurance knowledge corpus variant 5.",Billing
656,Will I receive premium receipts?,Insurers generally issue receipts or payment confirmations after successful transactions. This entry is part of a synthetic insurance knowledge corpus variant 6.,Billing
657,How do I renew my policy?,"Renew through the insurer's website, app, agent, or customer support before expiration. This entry is part of a synthetic insurance knowledge corpus variant 7.",Renewal
658,Will my premium change on renewal?,"Premiums may change based on underwriting, claims history, age, or revised pricing. This entry is part of a synthetic insurance knowledge corpus variant 8.",Renewal
659,Is there a grace period after expiry?,"Some policies include a grace period, but details vary by insurer and product. This entry is part of a synthetic insurance knowledge corpus variant 9.",Renewal
660,Can I renew an expired policy?,"Certain policies allow late renewal under conditions, while others require a new application. This entry is part of a synthetic insurance knowledge corpus variant 10.",Renewal
661,How do I file a car insurance claim?,"Notify the insurer, provide incident details, submit required documents, and cooperate with claim assessment. This entry is part of a synthetic insurance knowledge corpus variant 11.",Claims
662,What documents are needed for a health insurance claim?,"Typically an ID, policy number, hospital records, bills, and claim form are required. This entry is part of a synthetic insurance knowledge corpus variant 12.",Claims
663,How long does claim settlement take?,The timeline varies by insurer and claim type but generally depends on document verification and investigation. This entry is part of a synthetic insurance knowledge corpus variant 13.,Claims
664,Can I track my insurance claim status online?,Many insurers provide online claim tracking through their customer portal or mobile app. This entry is part of a synthetic insurance knowledge corpus variant 14.,Claims
665,What is a deductible?,A deductible is the amount the policyholder pays before insurance coverage begins for eligible claims. This entry is part of a synthetic insurance knowledge corpus variant 15.,Policy
666,What is a policy premium?,A premium is the amount paid periodically to keep an insurance policy active. This entry is part of a synthetic insurance knowledge corpus variant 16.,Policy
667,What is a waiting period in health insurance?,It is the time after policy purchase during which certain benefits are not yet available. This entry is part of a synthetic insurance knowledge corpus variant 17.,Policy
668,Can I cancel my insurance policy?,"Most policies can be cancelled subject to the insurer's terms, applicable fees, and local regulations. This entry is part of a synthetic insurance knowledge corpus variant 18.",Policy
669,Does home insurance cover floods?,Standard policies often exclude floods unless flood coverage is purchased separately. This entry is part of a synthetic insurance knowledge corpus variant 19.,Coverage
670,Does travel insurance cover lost baggage?,Many travel policies include baggage loss protection up to specified limits and conditions. This entry is part of a synthetic insurance knowledge corpus variant 20.,Coverage
671,Are pre-existing conditions covered?,Coverage depends on the policy; some exclude them while others cover them after waiting periods. This entry is part of a synthetic insurance knowledge corpus variant 21.,Coverage
672,Does comprehensive auto insurance cover theft?,Comprehensive coverage often includes theft subject to policy conditions and deductibles. This entry is part of a synthetic insurance knowledge corpus variant 22.,Coverage
673,Can I pay premiums monthly?,"Many insurers offer monthly, quarterly, or annual payment options. This entry is part of a synthetic insurance knowledge corpus variant 23.",Billing
674,What happens if I miss a premium payment?,Coverage may lapse after any grace period if payment is not received. This entry is part of a synthetic insurance knowledge corpus variant 24.,Billing
675,Can I update my payment method?,"Yes, most insurers allow payment method updates through customer service or online accounts. This entry is part of a synthetic insurance knowledge corpus variant 25.",Billing
676,Will I receive premium receipts?,Insurers generally issue receipts or payment confirmations after successful transactions. This entry is part of a synthetic insurance knowledge corpus variant 1.,Billing
677,How do I renew my policy?,"Renew through the insurer's website, app, agent, or customer support before expiration. This entry is part of a synthetic insurance knowledge corpus variant 2.",Renewal
678,Will my premium change on renewal?,"Premiums may change based on underwriting, claims history, age, or revised pricing. This entry is part of a synthetic insurance knowledge corpus variant 3.",Renewal
679,Is there a grace period after expiry?,"Some policies include a grace period, but details vary by insurer and product. This entry is part of a synthetic insurance knowledge corpus variant 4.",Renewal
680,Can I renew an expired policy?,"Certain policies allow late renewal under conditions, while others require a new application. This entry is part of a synthetic insurance knowledge corpus variant 5.",Renewal
681,How do I file a car insurance claim?,"Notify the insurer, provide incident details, submit required documents, and cooperate with claim assessment. This entry is part of a synthetic insurance knowledge corpus variant 6.",Claims
682,What documents are needed for a health insurance claim?,"Typically an ID, policy number, hospital records, bills, and claim form are required. This entry is part of a synthetic insurance knowledge corpus variant 7.",Claims
683,How long does claim settlement take?,The timeline varies by insurer and claim type but generally depends on document verification and investigation. This entry is part of a synthetic insurance knowledge corpus variant 8.,Claims
684,Can I track my insurance claim status online?,Many insurers provide online claim tracking through their customer portal or mobile app. This entry is part of a synthetic insurance knowledge corpus variant 9.,Claims
685,What is a deductible?,A deductible is the amount the policyholder pays before insurance coverage begins for eligible claims. This entry is part of a synthetic insurance knowledge corpus variant 10.,Policy
686,What is a policy premium?,A premium is the amount paid periodically to keep an insurance policy active. This entry is part of a synthetic insurance knowledge corpus variant 11.,Policy
687,What is a waiting period in health insurance?,It is the time after policy purchase during which certain benefits are not yet available. This entry is part of a synthetic insurance knowledge corpus variant 12.,Policy
688,Can I cancel my insurance policy?,"Most policies can be cancelled subject to the insurer's terms, applicable fees, and local regulations. This entry is part of a synthetic insurance knowledge corpus variant 13.",Policy
689,Does home insurance cover floods?,Standard policies often exclude floods unless flood coverage is purchased separately. This entry is part of a synthetic insurance knowledge corpus variant 14.,Coverage
690,Does travel insurance cover lost baggage?,Many travel policies include baggage loss protection up to specified limits and conditions. This entry is part of a synthetic insurance knowledge corpus variant 15.,Coverage
691,Are pre-existing conditions covered?,Coverage depends on the policy; some exclude them while others cover them after waiting periods. This entry is part of a synthetic insurance knowledge corpus variant 16.,Coverage
692,Does comprehensive auto insurance cover theft?,Comprehensive coverage often includes theft subject to policy conditions and deductibles. This entry is part of a synthetic insurance knowledge corpus variant 17.,Coverage
693,Can I pay premiums monthly?,"Many insurers offer monthly, quarterly, or annual payment options. This entry is part of a synthetic insurance knowledge corpus variant 18.",Billing
694,What happens if I miss a premium payment?,Coverage may lapse after any grace period if payment is not received. This entry is part of a synthetic insurance knowledge corpus variant 19.,Billing
695,Can I update my payment method?,"Yes, most insurers allow payment method updates through customer service or online accounts. This entry is part of a synthetic insurance knowledge corpus variant 20.",Billing
696,Will I receive premium receipts?,Insurers generally issue receipts or payment confirmations after successful transactions. This entry is part of a synthetic insurance knowledge corpus variant 21.,Billing
697,How do I renew my policy?,"Renew through the insurer's website, app, agent, or customer support before expiration. This entry is part of a synthetic insurance knowledge corpus variant 22.",Renewal
698,Will my premium change on renewal?,"Premiums may change based on underwriting, claims history, age, or revised pricing. This entry is part of a synthetic insurance knowledge corpus variant 23.",Renewal
699,Is there a grace period after expiry?,"Some policies include a grace period, but details vary by insurer and product. This entry is part of a synthetic insurance knowledge corpus variant 24.",Renewal
700,Can I renew an expired policy?,"Certain policies allow late renewal under conditions, while others require a new application. This entry is part of a synthetic insurance knowledge corpus variant 25.",Renewal
701,How do I file a car insurance claim?,"Notify the insurer, provide incident details, submit required documents, and cooperate with claim assessment. This entry is part of a synthetic insurance knowledge corpus variant 1.",Claims
702,What documents are needed for a health insurance claim?,"Typically an ID, policy number, hospital records, bills, and claim form are required. This entry is part of a synthetic insurance knowledge corpus variant 2.",Claims
703,How long does claim settlement take?,The timeline varies by insurer and claim type but generally depends on document verification and investigation. This entry is part of a synthetic insurance knowledge corpus variant 3.,Claims
704,Can I track my insurance claim status online?,Many insurers provide online claim tracking through their customer portal or mobile app. This entry is part of a synthetic insurance knowledge corpus variant 4.,Claims
705,What is a deductible?,A deductible is the amount the policyholder pays before insurance coverage begins for eligible claims. This entry is part of a synthetic insurance knowledge corpus variant 5.,Policy
706,What is a policy premium?,A premium is the amount paid periodically to keep an insurance policy active. This entry is part of a synthetic insurance knowledge corpus variant 6.,Policy
707,What is a waiting period in health insurance?,It is the time after policy purchase during which certain benefits are not yet available. This entry is part of a synthetic insurance knowledge corpus variant 7.,Policy
708,Can I cancel my insurance policy?,"Most policies can be cancelled subject to the insurer's terms, applicable fees, and local regulations. This entry is part of a synthetic insurance knowledge corpus variant 8.",Policy
709,Does home insurance cover floods?,Standard policies often exclude floods unless flood coverage is purchased separately. This entry is part of a synthetic insurance knowledge corpus variant 9.,Coverage
710,Does travel insurance cover lost baggage?,Many travel policies include baggage loss protection up to specified limits and conditions. This entry is part of a synthetic insurance knowledge corpus variant 10.,Coverage
711,Are pre-existing conditions covered?,Coverage depends on the policy; some exclude them while others cover them after waiting periods. This entry is part of a synthetic insurance knowledge corpus variant 11.,Coverage
712,Does comprehensive auto insurance cover theft?,Comprehensive coverage often includes theft subject to policy conditions and deductibles. This entry is part of a synthetic insurance knowledge corpus variant 12.,Coverage
713,Can I pay premiums monthly?,"Many insurers offer monthly, quarterly, or annual payment options. This entry is part of a synthetic insurance knowledge corpus variant 13.",Billing
714,What happens if I miss a premium payment?,Coverage may lapse after any grace period if payment is not received. This entry is part of a synthetic insurance knowledge corpus variant 14.,Billing
715,Can I update my payment method?,"Yes, most insurers allow payment method updates through customer service or online accounts. This entry is part of a synthetic insurance knowledge corpus variant 15.",Billing
716,Will I receive premium receipts?,Insurers generally issue receipts or payment confirmations after successful transactions. This entry is part of a synthetic insurance knowledge corpus variant 16.,Billing
717,How do I renew my policy?,"Renew through the insurer's website, app, agent, or customer support before expiration. This entry is part of a synthetic insurance knowledge corpus variant 17.",Renewal
718,Will my premium change on renewal?,"Premiums may change based on underwriting, claims history, age, or revised pricing. This entry is part of a synthetic insurance knowledge corpus variant 18.",Renewal
719,Is there a grace period after expiry?,"Some policies include a grace period, but details vary by insurer and product. This entry is part of a synthetic insurance knowledge corpus variant 19.",Renewal
720,Can I renew an expired policy?,"Certain policies allow late renewal under conditions, while others require a new application. This entry is part of a synthetic insurance knowledge corpus variant 20.",Renewal
721,How do I file a car insurance claim?,"Notify the insurer, provide incident details, submit required documents, and cooperate with claim assessment. This entry is part of a synthetic insurance knowledge corpus variant 21.",Claims
722,What documents are needed for a health insurance claim?,"Typically an ID, policy number, hospital records, bills, and claim form are required. This entry is part of a synthetic insurance knowledge corpus variant 22.",Claims
723,How long does claim settlement take?,The timeline varies by insurer and claim type but generally depends on document verification and investigation. This entry is part of a synthetic insurance knowledge corpus variant 23.,Claims
724,Can I track my insurance claim status online?,Many insurers provide online claim tracking through their customer portal or mobile app. This entry is part of a synthetic insurance knowledge corpus variant 24.,Claims
725,What is a deductible?,A deductible is the amount the policyholder pays before insurance coverage begins for eligible claims. This entry is part of a synthetic insurance knowledge corpus variant 25.,Policy
726,What is a policy premium?,A premium is the amount paid periodically to keep an insurance policy active. This entry is part of a synthetic insurance knowledge corpus variant 1.,Policy
727,What is a waiting period in health insurance?,It is the time after policy purchase during which certain benefits are not yet available. This entry is part of a synthetic insurance knowledge corpus variant 2.,Policy
728,Can I cancel my insurance policy?,"Most policies can be cancelled subject to the insurer's terms, applicable fees, and local regulations. This entry is part of a synthetic insurance knowledge corpus variant 3.",Policy
729,Does home insurance cover floods?,Standard policies often exclude floods unless flood coverage is purchased separately. This entry is part of a synthetic insurance knowledge corpus variant 4.,Coverage
730,Does travel insurance cover lost baggage?,Many travel policies include baggage loss protection up to specified limits and conditions. This entry is part of a synthetic insurance knowledge corpus variant 5.,Coverage
731,Are pre-existing conditions covered?,Coverage depends on the policy; some exclude them while others cover them after waiting periods. This entry is part of a synthetic insurance knowledge corpus variant 6.,Coverage
732,Does comprehensive auto insurance cover theft?,Comprehensive coverage often includes theft subject to policy conditions and deductibles. This entry is part of a synthetic insurance knowledge corpus variant 7.,Coverage
733,Can I pay premiums monthly?,"Many insurers offer monthly, quarterly, or annual payment options. This entry is part of a synthetic insurance knowledge corpus variant 8.",Billing
734,What happens if I miss a premium payment?,Coverage may lapse after any grace period if payment is not received. This entry is part of a synthetic insurance knowledge corpus variant 9.,Billing
735,Can I update my payment method?,"Yes, most insurers allow payment method updates through customer service or online accounts. This entry is part of a synthetic insurance knowledge corpus variant 10.",Billing
736,Will I receive premium receipts?,Insurers generally issue receipts or payment confirmations after successful transactions. This entry is part of a synthetic insurance knowledge corpus variant 11.,Billing
737,How do I renew my policy?,"Renew through the insurer's website, app, agent, or customer support before expiration. This entry is part of a synthetic insurance knowledge corpus variant 12.",Renewal
738,Will my premium change on renewal?,"Premiums may change based on underwriting, claims history, age, or revised pricing. This entry is part of a synthetic insurance knowledge corpus variant 13.",Renewal
739,Is there a grace period after expiry?,"Some policies include a grace period, but details vary by insurer and product. This entry is part of a synthetic insurance knowledge corpus variant 14.",Renewal
740,Can I renew an expired policy?,"Certain policies allow late renewal under conditions, while others require a new application. This entry is part of a synthetic insurance knowledge corpus variant 15.",Renewal
741,How do I file a car insurance claim?,"Notify the insurer, provide incident details, submit required documents, and cooperate with claim assessment. This entry is part of a synthetic insurance knowledge corpus variant 16.",Claims
742,What documents are needed for a health insurance claim?,"Typically an ID, policy number, hospital records, bills, and claim form are required. This entry is part of a synthetic insurance knowledge corpus variant 17.",Claims
743,How long does claim settlement take?,The timeline varies by insurer and claim type but generally depends on document verification and investigation. This entry is part of a synthetic insurance knowledge corpus variant 18.,Claims
744,Can I track my insurance claim status online?,Many insurers provide online claim tracking through their customer portal or mobile app. This entry is part of a synthetic insurance knowledge corpus variant 19.,Claims
745,What is a deductible?,A deductible is the amount the policyholder pays before insurance coverage begins for eligible claims. This entry is part of a synthetic insurance knowledge corpus variant 20.,Policy
746,What is a policy premium?,A premium is the amount paid periodically to keep an insurance policy active. This entry is part of a synthetic insurance knowledge corpus variant 21.,Policy
747,What is a waiting period in health insurance?,It is the time after policy purchase during which certain benefits are not yet available. This entry is part of a synthetic insurance knowledge corpus variant 22.,Policy
748,Can I cancel my insurance policy?,"Most policies can be cancelled subject to the insurer's terms, applicable fees, and local regulations. This entry is part of a synthetic insurance knowledge corpus variant 23.",Policy
749,Does home insurance cover floods?,Standard policies often exclude floods unless flood coverage is purchased separately. This entry is part of a synthetic insurance knowledge corpus variant 24.,Coverage
750,Does travel insurance cover lost baggage?,Many travel policies include baggage loss protection up to specified limits and conditions. This entry is part of a synthetic insurance knowledge corpus variant 25.,Coverage
751,Are pre-existing conditions covered?,Coverage depends on the policy; some exclude them while others cover them after waiting periods. This entry is part of a synthetic insurance knowledge corpus variant 1.,Coverage
752,Does comprehensive auto insurance cover theft?,Comprehensive coverage often includes theft subject to policy conditions and deductibles. This entry is part of a synthetic insurance knowledge corpus variant 2.,Coverage
753,Can I pay premiums monthly?,"Many insurers offer monthly, quarterly, or annual payment options. This entry is part of a synthetic insurance knowledge corpus variant 3.",Billing
754,What happens if I miss a premium payment?,Coverage may lapse after any grace period if payment is not received. This entry is part of a synthetic insurance knowledge corpus variant 4.,Billing
755,Can I update my payment method?,"Yes, most insurers allow payment method updates through customer service or online accounts. This entry is part of a synthetic insurance knowledge corpus variant 5.",Billing
756,Will I receive premium receipts?,Insurers generally issue receipts or payment confirmations after successful transactions. This entry is part of a synthetic insurance knowledge corpus variant 6.,Billing
757,How do I renew my policy?,"Renew through the insurer's website, app, agent, or customer support before expiration. This entry is part of a synthetic insurance knowledge corpus variant 7.",Renewal
758,Will my premium change on renewal?,"Premiums may change based on underwriting, claims history, age, or revised pricing. This entry is part of a synthetic insurance knowledge corpus variant 8.",Renewal
759,Is there a grace period after expiry?,"Some policies include a grace period, but details vary by insurer and product. This entry is part of a synthetic insurance knowledge corpus variant 9.",Renewal
760,Can I renew an expired policy?,"Certain policies allow late renewal under conditions, while others require a new application. This entry is part of a synthetic insurance knowledge corpus variant 10.",Renewal
761,How do I file a car insurance claim?,"Notify the insurer, provide incident details, submit required documents, and cooperate with claim assessment. This entry is part of a synthetic insurance knowledge corpus variant 11.",Claims
762,What documents are needed for a health insurance claim?,"Typically an ID, policy number, hospital records, bills, and claim form are required. This entry is part of a synthetic insurance knowledge corpus variant 12.",Claims
763,How long does claim settlement take?,The timeline varies by insurer and claim type but generally depends on document verification and investigation. This entry is part of a synthetic insurance knowledge corpus variant 13.,Claims
764,Can I track my insurance claim status online?,Many insurers provide online claim tracking through their customer portal or mobile app. This entry is part of a synthetic insurance knowledge corpus variant 14.,Claims
765,What is a deductible?,A deductible is the amount the policyholder pays before insurance coverage begins for eligible claims. This entry is part of a synthetic insurance knowledge corpus variant 15.,Policy
766,What is a policy premium?,A premium is the amount paid periodically to keep an insurance policy active. This entry is part of a synthetic insurance knowledge corpus variant 16.,Policy
767,What is a waiting period in health insurance?,It is the time after policy purchase during which certain benefits are not yet available. This entry is part of a synthetic insurance knowledge corpus variant 17.,Policy
768,Can I cancel my insurance policy?,"Most policies can be cancelled subject to the insurer's terms, applicable fees, and local regulations. This entry is part of a synthetic insurance knowledge corpus variant 18.",Policy
769,Does home insurance cover floods?,Standard policies often exclude floods unless flood coverage is purchased separately. This entry is part of a synthetic insurance knowledge corpus variant 19.,Coverage
770,Does travel insurance cover lost baggage?,Many travel policies include baggage loss protection up to specified limits and conditions. This entry is part of a synthetic insurance knowledge corpus variant 20.,Coverage
771,Are pre-existing conditions covered?,Coverage depends on the policy; some exclude them while others cover them after waiting periods. This entry is part of a synthetic insurance knowledge corpus variant 21.,Coverage
772,Does comprehensive auto insurance cover theft?,Comprehensive coverage often includes theft subject to policy conditions and deductibles. This entry is part of a synthetic insurance knowledge corpus variant 22.,Coverage
773,Can I pay premiums monthly?,"Many insurers offer monthly, quarterly, or annual payment options. This entry is part of a synthetic insurance knowledge corpus variant 23.",Billing
774,What happens if I miss a premium payment?,Coverage may lapse after any grace period if payment is not received. This entry is part of a synthetic insurance knowledge corpus variant 24.,Billing
775,Can I update my payment method?,"Yes, most insurers allow payment method updates through customer service or online accounts. This entry is part of a synthetic insurance knowledge corpus variant 25.",Billing
776,Will I receive premium receipts?,Insurers generally issue receipts or payment confirmations after successful transactions. This entry is part of a synthetic insurance knowledge corpus variant 1.,Billing
777,How do I renew my policy?,"Renew through the insurer's website, app, agent, or customer support before expiration. This entry is part of a synthetic insurance knowledge corpus variant 2.",Renewal
778,Will my premium change on renewal?,"Premiums may change based on underwriting, claims history, age, or revised pricing. This entry is part of a synthetic insurance knowledge corpus variant 3.",Renewal
779,Is there a grace period after expiry?,"Some policies include a grace period, but details vary by insurer and product. This entry is part of a synthetic insurance knowledge corpus variant 4.",Renewal
780,Can I renew an expired policy?,"Certain policies allow late renewal under conditions, while others require a new application. This entry is part of a synthetic insurance knowledge corpus variant 5.",Renewal
781,How do I file a car insurance claim?,"Notify the insurer, provide incident details, submit required documents, and cooperate with claim assessment. This entry is part of a synthetic insurance knowledge corpus variant 6.",Claims
782,What documents are needed for a health insurance claim?,"Typically an ID, policy number, hospital records, bills, and claim form are required. This entry is part of a synthetic insurance knowledge corpus variant 7.",Claims
783,How long does claim settlement take?,The timeline varies by insurer and claim type but generally depends on document verification and investigation. This entry is part of a synthetic insurance knowledge corpus variant 8.,Claims
784,Can I track my insurance claim status online?,Many insurers provide online claim tracking through their customer portal or mobile app. This entry is part of a synthetic insurance knowledge corpus variant 9.,Claims
785,What is a deductible?,A deductible is the amount the policyholder pays before insurance coverage begins for eligible claims. This entry is part of a synthetic insurance knowledge corpus variant 10.,Policy
786,What is a policy premium?,A premium is the amount paid periodically to keep an insurance policy active. This entry is part of a synthetic insurance knowledge corpus variant 11.,Policy
787,What is a waiting period in health insurance?,It is the time after policy purchase during which certain benefits are not yet available. This entry is part of a synthetic insurance knowledge corpus variant 12.,Policy
788,Can I cancel my insurance policy?,"Most policies can be cancelled subject to the insurer's terms, applicable fees, and local regulations. This entry is part of a synthetic insurance knowledge corpus variant 13.",Policy
789,Does home insurance cover floods?,Standard policies often exclude floods unless flood coverage is purchased separately. This entry is part of a synthetic insurance knowledge corpus variant 14.,Coverage
790,Does travel insurance cover lost baggage?,Many travel policies include baggage loss protection up to specified limits and conditions. This entry is part of a synthetic insurance knowledge corpus variant 15.,Coverage
791,Are pre-existing conditions covered?,Coverage depends on the policy; some exclude them while others cover them after waiting periods. This entry is part of a synthetic insurance knowledge corpus variant 16.,Coverage
792,Does comprehensive auto insurance cover theft?,Comprehensive coverage often includes theft subject to policy conditions and deductibles. This entry is part of a synthetic insurance knowledge corpus variant 17.,Coverage
793,Can I pay premiums monthly?,"Many insurers offer monthly, quarterly, or annual payment options. This entry is part of a synthetic insurance knowledge corpus variant 18.",Billing
794,What happens if I miss a premium payment?,Coverage may lapse after any grace period if payment is not received. This entry is part of a synthetic insurance knowledge corpus variant 19.,Billing
795,Can I update my payment method?,"Yes, most insurers allow payment method updates through customer service or online accounts. This entry is part of a synthetic insurance knowledge corpus variant 20.",Billing
796,Will I receive premium receipts?,Insurers generally issue receipts or payment confirmations after successful transactions. This entry is part of a synthetic insurance knowledge corpus variant 21.,Billing
797,How do I renew my policy?,"Renew through the insurer's website, app, agent, or customer support before expiration. This entry is part of a synthetic insurance knowledge corpus variant 22.",Renewal
798,Will my premium change on renewal?,"Premiums may change based on underwriting, claims history, age, or revised pricing. This entry is part of a synthetic insurance knowledge corpus variant 23.",Renewal
799,Is there a grace period after expiry?,"Some policies include a grace period, but details vary by insurer and product. This entry is part of a synthetic insurance knowledge corpus variant 24.",Renewal
800,Can I renew an expired policy?,"Certain policies allow late renewal under conditions, while others require a new application. This entry is part of a synthetic insurance knowledge corpus variant 25.",Renewal
801,How do I file a car insurance claim?,"Notify the insurer, provide incident details, submit required documents, and cooperate with claim assessment. This entry is part of a synthetic insurance knowledge corpus variant 1.",Claims
802,What documents are needed for a health insurance claim?,"Typically an ID, policy number, hospital records, bills, and claim form are required. This entry is part of a synthetic insurance knowledge corpus variant 2.",Claims
803,How long does claim settlement take?,The timeline varies by insurer and claim type but generally depends on document verification and investigation. This entry is part of a synthetic insurance knowledge corpus variant 3.,Claims
804,Can I track my insurance claim status online?,Many insurers provide online claim tracking through their customer portal or mobile app. This entry is part of a synthetic insurance knowledge corpus variant 4.,Claims
805,What is a deductible?,A deductible is the amount the policyholder pays before insurance coverage begins for eligible claims. This entry is part of a synthetic insurance knowledge corpus variant 5.,Policy
806,What is a policy premium?,A premium is the amount paid periodically to keep an insurance policy active. This entry is part of a synthetic insurance knowledge corpus variant 6.,Policy
807,What is a waiting period in health insurance?,It is the time after policy purchase during which certain benefits are not yet available. This entry is part of a synthetic insurance knowledge corpus variant 7.,Policy
808,Can I cancel my insurance policy?,"Most policies can be cancelled subject to the insurer's terms, applicable fees, and local regulations. This entry is part of a synthetic insurance knowledge corpus variant 8.",Policy
809,Does home insurance cover floods?,Standard policies often exclude floods unless flood coverage is purchased separately. This entry is part of a synthetic insurance knowledge corpus variant 9.,Coverage
810,Does travel insurance cover lost baggage?,Many travel policies include baggage loss protection up to specified limits and conditions. This entry is part of a synthetic insurance knowledge corpus variant 10.,Coverage
811,Are pre-existing conditions covered?,Coverage depends on the policy; some exclude them while others cover them after waiting periods. This entry is part of a synthetic insurance knowledge corpus variant 11.,Coverage
812,Does comprehensive auto insurance cover theft?,Comprehensive coverage often includes theft subject to policy conditions and deductibles. This entry is part of a synthetic insurance knowledge corpus variant 12.,Coverage
813,Can I pay premiums monthly?,"Many insurers offer monthly, quarterly, or annual payment options. This entry is part of a synthetic insurance knowledge corpus variant 13.",Billing
814,What happens if I miss a premium payment?,Coverage may lapse after any grace period if payment is not received. This entry is part of a synthetic insurance knowledge corpus variant 14.,Billing
815,Can I update my payment method?,"Yes, most insurers allow payment method updates through customer service or online accounts. This entry is part of a synthetic insurance knowledge corpus variant 15.",Billing
816,Will I receive premium receipts?,Insurers generally issue receipts or payment confirmations after successful transactions. This entry is part of a synthetic insurance knowledge corpus variant 16.,Billing
817,How do I renew my policy?,"Renew through the insurer's website, app, agent, or customer support before expiration. This entry is part of a synthetic insurance knowledge corpus variant 17.",Renewal
818,Will my premium change on renewal?,"Premiums may change based on underwriting, claims history, age, or revised pricing. This entry is part of a synthetic insurance knowledge corpus variant 18.",Renewal
819,Is there a grace period after expiry?,"Some policies include a grace period, but details vary by insurer and product. This entry is part of a synthetic insurance knowledge corpus variant 19.",Renewal
820,Can I renew an expired policy?,"Certain policies allow late renewal under conditions, while others require a new application. This entry is part of a synthetic insurance knowledge corpus variant 20.",Renewal
821,How do I file a car insurance claim?,"Notify the insurer, provide incident details, submit required documents, and cooperate with claim assessment. This entry is part of a synthetic insurance knowledge corpus variant 21.",Claims
822,What documents are needed for a health insurance claim?,"Typically an ID, policy number, hospital records, bills, and claim form are required. This entry is part of a synthetic insurance knowledge corpus variant 22.",Claims
823,How long does claim settlement take?,The timeline varies by insurer and claim type but generally depends on document verification and investigation. This entry is part of a synthetic insurance knowledge corpus variant 23.,Claims
824,Can I track my insurance claim status online?,Many insurers provide online claim tracking through their customer portal or mobile app. This entry is part of a synthetic insurance knowledge corpus variant 24.,Claims
825,What is a deductible?,A deductible is the amount the policyholder pays before insurance coverage begins for eligible claims. This entry is part of a synthetic insurance knowledge corpus variant 25.,Policy
826,What is a policy premium?,A premium is the amount paid periodically to keep an insurance policy active. This entry is part of a synthetic insurance knowledge corpus variant 1.,Policy
827,What is a waiting period in health insurance?,It is the time after policy purchase during which certain benefits are not yet available. This entry is part of a synthetic insurance knowledge corpus variant 2.,Policy
828,Can I cancel my insurance policy?,"Most policies can be cancelled subject to the insurer's terms, applicable fees, and local regulations. This entry is part of a synthetic insurance knowledge corpus variant 3.",Policy
829,Does home insurance cover floods?,Standard policies often exclude floods unless flood coverage is purchased separately. This entry is part of a synthetic insurance knowledge corpus variant 4.,Coverage
830,Does travel insurance cover lost baggage?,Many travel policies include baggage loss protection up to specified limits and conditions. This entry is part of a synthetic insurance knowledge corpus variant 5.,Coverage
831,Are pre-existing conditions covered?,Coverage depends on the policy; some exclude them while others cover them after waiting periods. This entry is part of a synthetic insurance knowledge corpus variant 6.,Coverage
832,Does comprehensive auto insurance cover theft?,Comprehensive coverage often includes theft subject to policy conditions and deductibles. This entry is part of a synthetic insurance knowledge corpus variant 7.,Coverage
833,Can I pay premiums monthly?,"Many insurers offer monthly, quarterly, or annual payment options. This entry is part of a synthetic insurance knowledge corpus variant 8.",Billing
834,What happens if I miss a premium payment?,Coverage may lapse after any grace period if payment is not received. This entry is part of a synthetic insurance knowledge corpus variant 9.,Billing
835,Can I update my payment method?,"Yes, most insurers allow payment method updates through customer service or online accounts. This entry is part of a synthetic insurance knowledge corpus variant 10.",Billing
836,Will I receive premium receipts?,Insurers generally issue receipts or payment confirmations after successful transactions. This entry is part of a synthetic insurance knowledge corpus variant 11.,Billing
837,How do I renew my policy?,"Renew through the insurer's website, app, agent, or customer support before expiration. This entry is part of a synthetic insurance knowledge corpus variant 12.",Renewal
838,Will my premium change on renewal?,"Premiums may change based on underwriting, claims history, age, or revised pricing. This entry is part of a synthetic insurance knowledge corpus variant 13.",Renewal
839,Is there a grace period after expiry?,"Some policies include a grace period, but details vary by insurer and product. This entry is part of a synthetic insurance knowledge corpus variant 14.",Renewal
840,Can I renew an expired policy?,"Certain policies allow late renewal under conditions, while others require a new application. This entry is part of a synthetic insurance knowledge corpus variant 15.",Renewal
841,How do I file a car insurance claim?,"Notify the insurer, provide incident details, submit required documents, and cooperate with claim assessment. This entry is part of a synthetic insurance knowledge corpus variant 16.",Claims
842,What documents are needed for a health insurance claim?,"Typically an ID, policy number, hospital records, bills, and claim form are required. This entry is part of a synthetic insurance knowledge corpus variant 17.",Claims
843,How long does claim settlement take?,The timeline varies by insurer and claim type but generally depends on document verification and investigation. This entry is part of a synthetic insurance knowledge corpus variant 18.,Claims
844,Can I track my insurance claim status online?,Many insurers provide online claim tracking through their customer portal or mobile app. This entry is part of a synthetic insurance knowledge corpus variant 19.,Claims
845,What is a deductible?,A deductible is the amount the policyholder pays before insurance coverage begins for eligible claims. This entry is part of a synthetic insurance knowledge corpus variant 20.,Policy
846,What is a policy premium?,A premium is the amount paid periodically to keep an insurance policy active. This entry is part of a synthetic insurance knowledge corpus variant 21.,Policy
847,What is a waiting period in health insurance?,It is the time after policy purchase during which certain benefits are not yet available. This entry is part of a synthetic insurance knowledge corpus variant 22.,Policy
848,Can I cancel my insurance policy?,"Most policies can be cancelled subject to the insurer's terms, applicable fees, and local regulations. This entry is part of a synthetic insurance knowledge corpus variant 23.",Policy
849,Does home insurance cover floods?,Standard policies often exclude floods unless flood coverage is purchased separately. This entry is part of a synthetic insurance knowledge corpus variant 24.,Coverage
850,Does travel insurance cover lost baggage?,Many travel policies include baggage loss protection up to specified limits and conditions. This entry is part of a synthetic insurance knowledge corpus variant 25.,Coverage
851,Are pre-existing conditions covered?,Coverage depends on the policy; some exclude them while others cover them after waiting periods. This entry is part of a synthetic insurance knowledge corpus variant 1.,Coverage
852,Does comprehensive auto insurance cover theft?,Comprehensive coverage often includes theft subject to policy conditions and deductibles. This entry is part of a synthetic insurance knowledge corpus variant 2.,Coverage
853,Can I pay premiums monthly?,"Many insurers offer monthly, quarterly, or annual payment options. This entry is part of a synthetic insurance knowledge corpus variant 3.",Billing
854,What happens if I miss a premium payment?,Coverage may lapse after any grace period if payment is not received. This entry is part of a synthetic insurance knowledge corpus variant 4.,Billing
855,Can I update my payment method?,"Yes, most insurers allow payment method updates through customer service or online accounts. This entry is part of a synthetic insurance knowledge corpus variant 5.",Billing
856,Will I receive premium receipts?,Insurers generally issue receipts or payment confirmations after successful transactions. This entry is part of a synthetic insurance knowledge corpus variant 6.,Billing
857,How do I renew my policy?,"Renew through the insurer's website, app, agent, or customer support before expiration. This entry is part of a synthetic insurance knowledge corpus variant 7.",Renewal
858,Will my premium change on renewal?,"Premiums may change based on underwriting, claims history, age, or revised pricing. This entry is part of a synthetic insurance knowledge corpus variant 8.",Renewal
859,Is there a grace period after expiry?,"Some policies include a grace period, but details vary by insurer and product. This entry is part of a synthetic insurance knowledge corpus variant 9.",Renewal
860,Can I renew an expired policy?,"Certain policies allow late renewal under conditions, while others require a new application. This entry is part of a synthetic insurance knowledge corpus variant 10.",Renewal
861,How do I file a car insurance claim?,"Notify the insurer, provide incident details, submit required documents, and cooperate with claim assessment. This entry is part of a synthetic insurance knowledge corpus variant 11.",Claims
862,What documents are needed for a health insurance claim?,"Typically an ID, policy number, hospital records, bills, and claim form are required. This entry is part of a synthetic insurance knowledge corpus variant 12.",Claims
863,How long does claim settlement take?,The timeline varies by insurer and claim type but generally depends on document verification and investigation. This entry is part of a synthetic insurance knowledge corpus variant 13.,Claims
864,Can I track my insurance claim status online?,Many insurers provide online claim tracking through their customer portal or mobile app. This entry is part of a synthetic insurance knowledge corpus variant 14.,Claims
865,What is a deductible?,A deductible is the amount the policyholder pays before insurance coverage begins for eligible claims. This entry is part of a synthetic insurance knowledge corpus variant 15.,Policy
866,What is a policy premium?,A premium is the amount paid periodically to keep an insurance policy active. This entry is part of a synthetic insurance knowledge corpus variant 16.,Policy
867,What is a waiting period in health insurance?,It is the time after policy purchase during which certain benefits are not yet available. This entry is part of a synthetic insurance knowledge corpus variant 17.,Policy
868,Can I cancel my insurance policy?,"Most policies can be cancelled subject to the insurer's terms, applicable fees, and local regulations. This entry is part of a synthetic insurance knowledge corpus variant 18.",Policy
869,Does home insurance cover floods?,Standard policies often exclude floods unless flood coverage is purchased separately. This entry is part of a synthetic insurance knowledge corpus variant 19.,Coverage
870,Does travel insurance cover lost baggage?,Many travel policies include baggage loss protection up to specified limits and conditions. This entry is part of a synthetic insurance knowledge corpus variant 20.,Coverage
871,Are pre-existing conditions covered?,Coverage depends on the policy; some exclude them while others cover them after waiting periods. This entry is part of a synthetic insurance knowledge corpus variant 21.,Coverage
872,Does comprehensive auto insurance cover theft?,Comprehensive coverage often includes theft subject to policy conditions and deductibles. This entry is part of a synthetic insurance knowledge corpus variant 22.,Coverage
873,Can I pay premiums monthly?,"Many insurers offer monthly, quarterly, or annual payment options. This entry is part of a synthetic insurance knowledge corpus variant 23.",Billing
874,What happens if I miss a premium payment?,Coverage may lapse after any grace period if payment is not received. This entry is part of a synthetic insurance knowledge corpus variant 24.,Billing
875,Can I update my payment method?,"Yes, most insurers allow payment method updates through customer service or online accounts. This entry is part of a synthetic insurance knowledge corpus variant 25.",Billing
876,Will I receive premium receipts?,Insurers generally issue receipts or payment confirmations after successful transactions. This entry is part of a synthetic insurance knowledge corpus variant 1.,Billing
877,How do I renew my policy?,"Renew through the insurer's website, app, agent, or customer support before expiration. This entry is part of a synthetic insurance knowledge corpus variant 2.",Renewal
878,Will my premium change on renewal?,"Premiums may change based on underwriting, claims history, age, or revised pricing. This entry is part of a synthetic insurance knowledge corpus variant 3.",Renewal
879,Is there a grace period after expiry?,"Some policies include a grace period, but details vary by insurer and product. This entry is part of a synthetic insurance knowledge corpus variant 4.",Renewal
880,Can I renew an expired policy?,"Certain policies allow late renewal under conditions, while others require a new application. This entry is part of a synthetic insurance knowledge corpus variant 5.",Renewal
881,How do I file a car insurance claim?,"Notify the insurer, provide incident details, submit required documents, and cooperate with claim assessment. This entry is part of a synthetic insurance knowledge corpus variant 6.",Claims
882,What documents are needed for a health insurance claim?,"Typically an ID, policy number, hospital records, bills, and claim form are required. This entry is part of a synthetic insurance knowledge corpus variant 7.",Claims
883,How long does claim settlement take?,The timeline varies by insurer and claim type but generally depends on document verification and investigation. This entry is part of a synthetic insurance knowledge corpus variant 8.,Claims
884,Can I track my insurance claim status online?,Many insurers provide online claim tracking through their customer portal or mobile app. This entry is part of a synthetic insurance knowledge corpus variant 9.,Claims
885,What is a deductible?,A deductible is the amount the policyholder pays before insurance coverage begins for eligible claims. This entry is part of a synthetic insurance knowledge corpus variant 10.,Policy
886,What is a policy premium?,A premium is the amount paid periodically to keep an insurance policy active. This entry is part of a synthetic insurance knowledge corpus variant 11.,Policy
887,What is a waiting period in health insurance?,It is the time after policy purchase during which certain benefits are not yet available. This entry is part of a synthetic insurance knowledge corpus variant 12.,Policy
888,Can I cancel my insurance policy?,"Most policies can be cancelled subject to the insurer's terms, applicable fees, and local regulations. This entry is part of a synthetic insurance knowledge corpus variant 13.",Policy
889,Does home insurance cover floods?,Standard policies often exclude floods unless flood coverage is purchased separately. This entry is part of a synthetic insurance knowledge corpus variant 14.,Coverage
890,Does travel insurance cover lost baggage?,Many travel policies include baggage loss protection up to specified limits and conditions. This entry is part of a synthetic insurance knowledge corpus variant 15.,Coverage
891,Are pre-existing conditions covered?,Coverage depends on the policy; some exclude them while others cover them after waiting periods. This entry is part of a synthetic insurance knowledge corpus variant 16.,Coverage
892,Does comprehensive auto insurance cover theft?,Comprehensive coverage often includes theft subject to policy conditions and deductibles. This entry is part of a synthetic insurance knowledge corpus variant 17.,Coverage
893,Can I pay premiums monthly?,"Many insurers offer monthly, quarterly, or annual payment options. This entry is part of a synthetic insurance knowledge corpus variant 18.",Billing
894,What happens if I miss a premium payment?,Coverage may lapse after any grace period if payment is not received. This entry is part of a synthetic insurance knowledge corpus variant 19.,Billing
895,Can I update my payment method?,"Yes, most insurers allow payment method updates through customer service or online accounts. This entry is part of a synthetic insurance knowledge corpus variant 20.",Billing
896,Will I receive premium receipts?,Insurers generally issue receipts or payment confirmations after successful transactions. This entry is part of a synthetic insurance knowledge corpus variant 21.,Billing
897,How do I renew my policy?,"Renew through the insurer's website, app, agent, or customer support before expiration. This entry is part of a synthetic insurance knowledge corpus variant 22.",Renewal
898,Will my premium change on renewal?,"Premiums may change based on underwriting, claims history, age, or revised pricing. This entry is part of a synthetic insurance knowledge corpus variant 23.",Renewal
899,Is there a grace period after expiry?,"Some policies include a grace period, but details vary by insurer and product. This entry is part of a synthetic insurance knowledge corpus variant 24.",Renewal
900,Can I renew an expired policy?,"Certain policies allow late renewal under conditions, while others require a new application. This entry is part of a synthetic insurance knowledge corpus variant 25.",Renewal
901,How do I file a car insurance claim?,"Notify the insurer, provide incident details, submit required documents, and cooperate with claim assessment. This entry is part of a synthetic insurance knowledge corpus variant 1.",Claims
902,What documents are needed for a health insurance claim?,"Typically an ID, policy number, hospital records, bills, and claim form are required. This entry is part of a synthetic insurance knowledge corpus variant 2.",Claims
903,How long does claim settlement take?,The timeline varies by insurer and claim type but generally depends on document verification and investigation. This entry is part of a synthetic insurance knowledge corpus variant 3.,Claims
904,Can I track my insurance claim status online?,Many insurers provide online claim tracking through their customer portal or mobile app. This entry is part of a synthetic insurance knowledge corpus variant 4.,Claims
905,What is a deductible?,A deductible is the amount the policyholder pays before insurance coverage begins for eligible claims. This entry is part of a synthetic insurance knowledge corpus variant 5.,Policy
906,What is a policy premium?,A premium is the amount paid periodically to keep an insurance policy active. This entry is part of a synthetic insurance knowledge corpus variant 6.,Policy
907,What is a waiting period in health insurance?,It is the time after policy purchase during which certain benefits are not yet available. This entry is part of a synthetic insurance knowledge corpus variant 7.,Policy
908,Can I cancel my insurance policy?,"Most policies can be cancelled subject to the insurer's terms, applicable fees, and local regulations. This entry is part of a synthetic insurance knowledge corpus variant 8.",Policy
909,Does home insurance cover floods?,Standard policies often exclude floods unless flood coverage is purchased separately. This entry is part of a synthetic insurance knowledge corpus variant 9.,Coverage
910,Does travel insurance cover lost baggage?,Many travel policies include baggage loss protection up to specified limits and conditions. This entry is part of a synthetic insurance knowledge corpus variant 10.,Coverage
911,Are pre-existing conditions covered?,Coverage depends on the policy; some exclude them while others cover them after waiting periods. This entry is part of a synthetic insurance knowledge corpus variant 11.,Coverage
912,Does comprehensive auto insurance cover theft?,Comprehensive coverage often includes theft subject to policy conditions and deductibles. This entry is part of a synthetic insurance knowledge corpus variant 12.,Coverage
913,Can I pay premiums monthly?,"Many insurers offer monthly, quarterly, or annual payment options. This entry is part of a synthetic insurance knowledge corpus variant 13.",Billing
914,What happens if I miss a premium payment?,Coverage may lapse after any grace period if payment is not received. This entry is part of a synthetic insurance knowledge corpus variant 14.,Billing
915,Can I update my payment method?,"Yes, most insurers allow payment method updates through customer service or online accounts. This entry is part of a synthetic insurance knowledge corpus variant 15.",Billing
916,Will I receive premium receipts?,Insurers generally issue receipts or payment confirmations after successful transactions. This entry is part of a synthetic insurance knowledge corpus variant 16.,Billing
917,How do I renew my policy?,"Renew through the insurer's website, app, agent, or customer support before expiration. This entry is part of a synthetic insurance knowledge corpus variant 17.",Renewal
918,Will my premium change on renewal?,"Premiums may change based on underwriting, claims history, age, or revised pricing. This entry is part of a synthetic insurance knowledge corpus variant 18.",Renewal
919,Is there a grace period after expiry?,"Some policies include a grace period, but details vary by insurer and product. This entry is part of a synthetic insurance knowledge corpus variant 19.",Renewal
920,Can I renew an expired policy?,"Certain policies allow late renewal under conditions, while others require a new application. This entry is part of a synthetic insurance knowledge corpus variant 20.",Renewal
921,How do I file a car insurance claim?,"Notify the insurer, provide incident details, submit required documents, and cooperate with claim assessment. This entry is part of a synthetic insurance knowledge corpus variant 21.",Claims
922,What documents are needed for a health insurance claim?,"Typically an ID, policy number, hospital records, bills, and claim form are required. This entry is part of a synthetic insurance knowledge corpus variant 22.",Claims
923,How long does claim settlement take?,The timeline varies by insurer and claim type but generally depends on document verification and investigation. This entry is part of a synthetic insurance knowledge corpus variant 23.,Claims
924,Can I track my insurance claim status online?,Many insurers provide online claim tracking through their customer portal or mobile app. This entry is part of a synthetic insurance knowledge corpus variant 24.,Claims
925,What is a deductible?,A deductible is the amount the policyholder pays before insurance coverage begins for eligible claims. This entry is part of a synthetic insurance knowledge corpus variant 25.,Policy
926,What is a policy premium?,A premium is the amount paid periodically to keep an insurance policy active. This entry is part of a synthetic insurance knowledge corpus variant 1.,Policy
927,What is a waiting period in health insurance?,It is the time after policy purchase during which certain benefits are not yet available. This entry is part of a synthetic insurance knowledge corpus variant 2.,Policy
928,Can I cancel my insurance policy?,"Most policies can be cancelled subject to the insurer's terms, applicable fees, and local regulations. This entry is part of a synthetic insurance knowledge corpus variant 3.",Policy
929,Does home insurance cover floods?,Standard policies often exclude floods unless flood coverage is purchased separately. This entry is part of a synthetic insurance knowledge corpus variant 4.,Coverage
930,Does travel insurance cover lost baggage?,Many travel policies include baggage loss protection up to specified limits and conditions. This entry is part of a synthetic insurance knowledge corpus variant 5.,Coverage
931,Are pre-existing conditions covered?,Coverage depends on the policy; some exclude them while others cover them after waiting periods. This entry is part of a synthetic insurance knowledge corpus variant 6.,Coverage
932,Does comprehensive auto insurance cover theft?,Comprehensive coverage often includes theft subject to policy conditions and deductibles. This entry is part of a synthetic insurance knowledge corpus variant 7.,Coverage
933,Can I pay premiums monthly?,"Many insurers offer monthly, quarterly, or annual payment options. This entry is part of a synthetic insurance knowledge corpus variant 8.",Billing
934,What happens if I miss a premium payment?,Coverage may lapse after any grace period if payment is not received. This entry is part of a synthetic insurance knowledge corpus variant 9.,Billing
935,Can I update my payment method?,"Yes, most insurers allow payment method updates through customer service or online accounts. This entry is part of a synthetic insurance knowledge corpus variant 10.",Billing
936,Will I receive premium receipts?,Insurers generally issue receipts or payment confirmations after successful transactions. This entry is part of a synthetic insurance knowledge corpus variant 11.,Billing
937,How do I renew my policy?,"Renew through the insurer's website, app, agent, or customer support before expiration. This entry is part of a synthetic insurance knowledge corpus variant 12.",Renewal
938,Will my premium change on renewal?,"Premiums may change based on underwriting, claims history, age, or revised pricing. This entry is part of a synthetic insurance knowledge corpus variant 13.",Renewal
939,Is there a grace period after expiry?,"Some policies include a grace period, but details vary by insurer and product. This entry is part of a synthetic insurance knowledge corpus variant 14.",Renewal
940,Can I renew an expired policy?,"Certain policies allow late renewal under conditions, while others require a new application. This entry is part of a synthetic insurance knowledge corpus variant 15.",Renewal
941,How do I file a car insurance claim?,"Notify the insurer, provide incident details, submit required documents, and cooperate with claim assessment. This entry is part of a synthetic insurance knowledge corpus variant 16.",Claims
942,What documents are needed for a health insurance claim?,"Typically an ID, policy number, hospital records, bills, and claim form are required. This entry is part of a synthetic insurance knowledge corpus variant 17.",Claims
943,How long does claim settlement take?,The timeline varies by insurer and claim type but generally depends on document verification and investigation. This entry is part of a synthetic insurance knowledge corpus variant 18.,Claims
944,Can I track my insurance claim status online?,Many insurers provide online claim tracking through their customer portal or mobile app. This entry is part of a synthetic insurance knowledge corpus variant 19.,Claims
945,What is a deductible?,A deductible is the amount the policyholder pays before insurance coverage begins for eligible claims. This entry is part of a synthetic insurance knowledge corpus variant 20.,Policy
946,What is a policy premium?,A premium is the amount paid periodically to keep an insurance policy active. This entry is part of a synthetic insurance knowledge corpus variant 21.,Policy
947,What is a waiting period in health insurance?,It is the time after policy purchase during which certain benefits are not yet available. This entry is part of a synthetic insurance knowledge corpus variant 22.,Policy
948,Can I cancel my insurance policy?,"Most policies can be cancelled subject to the insurer's terms, applicable fees, and local regulations. This entry is part of a synthetic insurance knowledge corpus variant 23.",Policy
949,Does home insurance cover floods?,Standard policies often exclude floods unless flood coverage is purchased separately. This entry is part of a synthetic insurance knowledge corpus variant 24.,Coverage
950,Does travel insurance cover lost baggage?,Many travel policies include baggage loss protection up to specified limits and conditions. This entry is part of a synthetic insurance knowledge corpus variant 25.,Coverage
951,Are pre-existing conditions covered?,Coverage depends on the policy; some exclude them while others cover them after waiting periods. This entry is part of a synthetic insurance knowledge corpus variant 1.,Coverage
952,Does comprehensive auto insurance cover theft?,Comprehensive coverage often includes theft subject to policy conditions and deductibles. This entry is part of a synthetic insurance knowledge corpus variant 2.,Coverage
953,Can I pay premiums monthly?,"Many insurers offer monthly, quarterly, or annual payment options. This entry is part of a synthetic insurance knowledge corpus variant 3.",Billing
954,What happens if I miss a premium payment?,Coverage may lapse after any grace period if payment is not received. This entry is part of a synthetic insurance knowledge corpus variant 4.,Billing
955,Can I update my payment method?,"Yes, most insurers allow payment method updates through customer service or online accounts. This entry is part of a synthetic insurance knowledge corpus variant 5.",Billing
956,Will I receive premium receipts?,Insurers generally issue receipts or payment confirmations after successful transactions. This entry is part of a synthetic insurance knowledge corpus variant 6.,Billing
957,How do I renew my policy?,"Renew through the insurer's website, app, agent, or customer support before expiration. This entry is part of a synthetic insurance knowledge corpus variant 7.",Renewal
958,Will my premium change on renewal?,"Premiums may change based on underwriting, claims history, age, or revised pricing. This entry is part of a synthetic insurance knowledge corpus variant 8.",Renewal
959,Is there a grace period after expiry?,"Some policies include a grace period, but details vary by insurer and product. This entry is part of a synthetic insurance knowledge corpus variant 9.",Renewal
960,Can I renew an expired policy?,"Certain policies allow late renewal under conditions, while others require a new application. This entry is part of a synthetic insurance knowledge corpus variant 10.",Renewal
961,How do I file a car insurance claim?,"Notify the insurer, provide incident details, submit required documents, and cooperate with claim assessment. This entry is part of a synthetic insurance knowledge corpus variant 11.",Claims
962,What documents are needed for a health insurance claim?,"Typically an ID, policy number, hospital records, bills, and claim form are required. This entry is part of a synthetic insurance knowledge corpus variant 12.",Claims
963,How long does claim settlement take?,The timeline varies by insurer and claim type but generally depends on document verification and investigation. This entry is part of a synthetic insurance knowledge corpus variant 13.,Claims
964,Can I track my insurance claim status online?,Many insurers provide online claim tracking through their customer portal or mobile app. This entry is part of a synthetic insurance knowledge corpus variant 14.,Claims
965,What is a deductible?,A deductible is the amount the policyholder pays before insurance coverage begins for eligible claims. This entry is part of a synthetic insurance knowledge corpus variant 15.,Policy
966,What is a policy premium?,A premium is the amount paid periodically to keep an insurance policy active. This entry is part of a synthetic insurance knowledge corpus variant 16.,Policy
967,What is a waiting period in health insurance?,It is the time after policy purchase during which certain benefits are not yet available. This entry is part of a synthetic insurance knowledge corpus variant 17.,Policy
968,Can I cancel my insurance policy?,"Most policies can be cancelled subject to the insurer's terms, applicable fees, and local regulations. This entry is part of a synthetic insurance knowledge corpus variant 18.",Policy
969,Does home insurance cover floods?,Standard policies often exclude floods unless flood coverage is purchased separately. This entry is part of a synthetic insurance knowledge corpus variant 19.,Coverage
970,Does travel insurance cover lost baggage?,Many travel policies include baggage loss protection up to specified limits and conditions. This entry is part of a synthetic insurance knowledge corpus variant 20.,Coverage
971,Are pre-existing conditions covered?,Coverage depends on the policy; some exclude them while others cover them after waiting periods. This entry is part of a synthetic insurance knowledge corpus variant 21.,Coverage
972,Does comprehensive auto insurance cover theft?,Comprehensive coverage often includes theft subject to policy conditions and deductibles. This entry is part of a synthetic insurance knowledge corpus variant 22.,Coverage
973,Can I pay premiums monthly?,"Many insurers offer monthly, quarterly, or annual payment options. This entry is part of a synthetic insurance knowledge corpus variant 23.",Billing
974,What happens if I miss a premium payment?,Coverage may lapse after any grace period if payment is not received. This entry is part of a synthetic insurance knowledge corpus variant 24.,Billing
975,Can I update my payment method?,"Yes, most insurers allow payment method updates through customer service or online accounts. This entry is part of a synthetic insurance knowledge corpus variant 25.",Billing
976,Will I receive premium receipts?,Insurers generally issue receipts or payment confirmations after successful transactions. This entry is part of a synthetic insurance knowledge corpus variant 1.,Billing
977,How do I renew my policy?,"Renew through the insurer's website, app, agent, or customer support before expiration. This entry is part of a synthetic insurance knowledge corpus variant 2.",Renewal
978,Will my premium change on renewal?,"Premiums may change based on underwriting, claims history, age, or revised pricing. This entry is part of a synthetic insurance knowledge corpus variant 3.",Renewal
979,Is there a grace period after expiry?,"Some policies include a grace period, but details vary by insurer and product. This entry is part of a synthetic insurance knowledge corpus variant 4.",Renewal
980,Can I renew an expired policy?,"Certain policies allow late renewal under conditions, while others require a new application. This entry is part of a synthetic insurance knowledge corpus variant 5.",Renewal
981,How do I file a car insurance claim?,"Notify the insurer, provide incident details, submit required documents, and cooperate with claim assessment. This entry is part of a synthetic insurance knowledge corpus variant 6.",Claims
982,What documents are needed for a health insurance claim?,"Typically an ID, policy number, hospital records, bills, and claim form are required. This entry is part of a synthetic insurance knowledge corpus variant 7.",Claims
983,How long does claim settlement take?,The timeline varies by insurer and claim type but generally depends on document verification and investigation. This entry is part of a synthetic insurance knowledge corpus variant 8.,Claims
984,Can I track my insurance claim status online?,Many insurers provide online claim tracking through their customer portal or mobile app. This entry is part of a synthetic insurance knowledge corpus variant 9.,Claims
985,What is a deductible?,A deductible is the amount the policyholder pays before insurance coverage begins for eligible claims. This entry is part of a synthetic insurance knowledge corpus variant 10.,Policy
986,What is a policy premium?,A premium is the amount paid periodically to keep an insurance policy active. This entry is part of a synthetic insurance knowledge corpus variant 11.,Policy
987,What is a waiting period in health insurance?,It is the time after policy purchase during which certain benefits are not yet available. This entry is part of a synthetic insurance knowledge corpus variant 12.,Policy
988,Can I cancel my insurance policy?,"Most policies can be cancelled subject to the insurer's terms, applicable fees, and local regulations. This entry is part of a synthetic insurance knowledge corpus variant 13.",Policy
989,Does home insurance cover floods?,Standard policies often exclude floods unless flood coverage is purchased separately. This entry is part of a synthetic insurance knowledge corpus variant 14.,Coverage
990,Does travel insurance cover lost baggage?,Many travel policies include baggage loss protection up to specified limits and conditions. This entry is part of a synthetic insurance knowledge corpus variant 15.,Coverage
991,Are pre-existing conditions covered?,Coverage depends on the policy; some exclude them while others cover them after waiting periods. This entry is part of a synthetic insurance knowledge corpus variant 16.,Coverage
992,Does comprehensive auto insurance cover theft?,Comprehensive coverage often includes theft subject to policy conditions and deductibles. This entry is part of a synthetic insurance knowledge corpus variant 17.,Coverage
993,Can I pay premiums monthly?,"Many insurers offer monthly, quarterly, or annual payment options. This entry is part of a synthetic insurance knowledge corpus variant 18.",Billing
994,What happens if I miss a premium payment?,Coverage may lapse after any grace period if payment is not received. This entry is part of a synthetic insurance knowledge corpus variant 19.,Billing
995,Can I update my payment method?,"Yes, most insurers allow payment method updates through customer service or online accounts. This entry is part of a synthetic insurance knowledge corpus variant 20.",Billing
996,Will I receive premium receipts?,Insurers generally issue receipts or payment confirmations after successful transactions. This entry is part of a synthetic insurance knowledge corpus variant 21.,Billing
997,How do I renew my policy?,"Renew through the insurer's website, app, agent, or customer support before expiration. This entry is part of a synthetic insurance knowledge corpus variant 22.",Renewal
998,Will my premium change on renewal?,"Premiums may change based on underwriting, claims history, age, or revised pricing. This entry is part of a synthetic insurance knowledge corpus variant 23.",Renewal
999,Is there a grace period after expiry?,"Some policies include a grace period, but details vary by insurer and product. This entry is part of a synthetic insurance knowledge corpus variant 24.",Renewal
1000,Can I renew an expired policy?,"Certain policies allow late renewal under conditions, while others require a new application. This entry is part of a synthetic insurance knowledge corpus variant 25.",Renewal
